Muestreo,est,Year,Fecha,Region.Label,Sample.Label,nombreviejo,Effort,Especie,size,Adultos,Juveniles,Crias,Area,Length,distance,distance_km
3,oto,2009,2009-04-06,ALTO,,antena,16.8,CH,2,2,0,0,277,8.4,3.5209189294242282,0.003520918929424228
3,oto,2009,2009-04-06,ALTO,,antena,16.8,CH,3,3,0,0,277,8.4,87.55768552920964,0.08755768552920963
3,oto,2009,2009-04-06,ALTO,,ruta 63-triángulo,16.2,CH,12,1,11,0,277,8.1,0,0
3,oto,2009,2009-04-15,ALTO,,antena,16.8,CH,1,1,0,0,277,8.4,0,0
3,oto,2009,2009-04-15,ALTO,,ruta 63-triángulo,16.2,CH,8,0,8,0,277,8.1,34.499595426988414,0.03449959542698841
3,oto,2009,2009-04-15,ALTO,,ruta 63-triángulo,16.2,CH,5,0,5,0,277,8.1,10.036310337069464,0.010036310337069464
3,oto,2009,2009-04-16,BAJO,,jack,12,CH,9,2,0,7,338,6,111.76697407190233,0.11176697407190232
3,oto,2009,2009-04-16,BAJO,,jack,12,CH,2,0,2,0,338,6,58.17141312438442,0.058171413124384425
3,oto,2009,2009-04-16,BAJO,,jack,12,CH,2,2,0,0,338,6,7.569975698262091,0.007569975698262091
4,inv,2009,2009-08-05,ALTO,,laguna,20,CH,3,3,0,0,277,10,25.17457034538323,0.02517457034538323
4,inv,2009,2009-08-05,ALTO,,laguna,20,CH,4,4,0,0,277,10,168.07137275690488,0.16807137275690487
4,inv,2009,2009-08-05,ALTO,,antena,16.8,CH,6,6,0,0,277,8.4,193.90471041461473,0.19390471041461474
4,inv,2009,2009-08-05,ALTO,,antena,16.8,CH,1,1,0,0,277,8.4,21.653651415959004,0.021653651415959003
4,inv,2009,2009-08-05,ALTO,,antena,16.8,CH,3,3,0,0,277,8.4,32.04036225776048,0.032040362257760475
4,inv,2009,2009-08-05,ALTO,,antena,16.8,CH,2,2,0,0,277,8.4,22.53388114831506,0.02253388114831506
4,inv,2009,2009-08-05,ALTO,,triangulo,16.2,CH,3,3,0,0,277,8.1,80.45969972405021,0.0804596997240502
4,inv,2009,2009-08-08,BAJO,,R63-RN,40,CH,10,8,0,2,338,20,307.45786671713284,0.3074578667171328
4,inv,2009,2009-08-20,BAJO,,jack,12,CH,6,6,0,0,338,6,126.05352956767865,0.12605352956767865
4,inv,2009,2009-09-01,BAJO,,ruta 63- RN,40,CH,1,1,0,0,338,20,36.455966742098475,0.03645596674209847
4,inv,2009,2009-09-01,BAJO,,ruta 63- RN,40,CH,2,2,0,0,338,20,12.49926219945601,0.012499262199456011
4,inv,2009,2009-09-01,ALTO,,Ruta 63- Triangulo,16.2,CH,12,NA,NA,NA,277,8.1,7.0418378588484565,0.007041837858848456
4,inv,2009,2009-09-01,ALTO,,Ruta 63- Triangulo,16.2,CH,3,3,0,0,277,8.1,4.4699833180027895,0.004469983318002789
4,inv,2009,2009-09-02,ALTO,,antena,16.8,CH,3,3,0,0,277,8.4,103.7036129776647,0.1037036129776647
5,ver,2009,2009-12-10,ALTO,,Tran 63- triángulo,16.2,CH,1,1,0,0,277,8.1,73.30772641524574,0.07330772641524574
5,ver,2009,2009-12-10,ALTO,,Tran 63- triángulo,16.2,CH,1,1,0,0,277,8.1,72.41372975164519,0.07241372975164519
5,ver,2009,2009-12-11,BAJO,,Ruta 63-Restinga,40,CH,5,1,0,4,338,20,172.54135607490767,0.17254135607490767
5,ver,2009,2009-12-11,BAJO,,Jack,12,CH,2,2,0,0,338,6,108.6834786502148,0.1086834786502148
5,ver,2009,2009-12-11,BAJO,,Jack,12,CH,12,2,0,10,338,6,209.94872637924138,0.2099487263792414
5,ver,2009,2009-12-14,ALTO,,R63-Triangulo,16.2,CH,6,6,0,0,277,8.1,103.69879308792984,0.10369879308792984
5,ver,2009,2009-12-14,ALTO,,Antena,16.8,CH,3,3,0,0,277,8.4,12.3232162529848,0.0123232162529848
5,ver,2009,2009-12-15,BAJO,,Jack,12,CH,13,1,0,12,338,6,32.56850009717411,0.03256850009717411
6,oto,2010,2010-03-09,BAJO,,jack,12,CH,3,NA,NA,NA,338,6,0,0
6,oto,2010,2010-03-09,BAJO,,jack,12,CH,12,NA,NA,NA,338,6,13.980686274882425,0.013980686274882425
6,oto,2010,2010-03-15,ALTO,,triángulo,16.2,CH,4,4,0,0,277,8.1,128.06901386087216,0.12806901386087216
6,oto,2010,2010-03-16,ALTO,,antena,16.8,CH,4,4,0,0,277,8.4,69.73173976084351,0.06973173976084351
6,oto,2010,2010-03-16,ALTO,,antena,16.8,CH,4,4,0,0,277,8.4,0,0
6,oto,2010,2010-03-19,ALTO,,RP63,40,CH,5,NA,NA,NA,277,20,11.09089462768632,0.01109089462768632
6,oto,2010,2010-03-22,ALTO,,triángulo,16.2,CH,5,5,0,0,277,8.1,24.99852439891202,0.024998524398912023
7,inv,2010,2010-07-06,ALTO,,jack,12,CH,25,NA,NA,NA,277,6,49.2928650119392,0.0492928650119392
7,inv,2010,2010-06-28,ALTO,,laguna,20,CH,4,4,0,0,277,10,0,0
7,inv,2010,2010-06-28,ALTO,,laguna,20,CH,1,1,0,0,277,10,0,0
7,inv,2010,2010-07-05,ALTO,,laguna,20,CH,1,1,0,0,277,10,281.60894903417574,0.2816089490341757
7,inv,2010,2010-06-29,ALTO,,triangulo,16.2,CH,1,1,0,0,277,8.1,14.083675717696913,0.014083675717696913
9,ver,2010,2010-12-02,BAJO,,RP 63,40,CH,1,1,0,0,338,20,248.05369017662443,0.24805369017662443
9,ver,2010,2010-12-02,BAJO,,RP 63,40,CH,4,0,4,0,338,20,18.83691627241962,0.01883691627241962
9,ver,2010,2010-12-07,BAJO,,JACK,12,CH,4,NA,NA,NA,338,6,16.548318968293874,0.016548318968293875
9,ver,2010,2010-12-07,BAJO,,JACK,12,CH,1,NA,NA,NA,338,6,37.49778659836803,0.03749778659836803
9,ver,2010,2010-12-07,BAJO,,JACK,12,CH,12,1,0,11,338,6,45.59590013604375,0.045595900136043754
9,ver,2010,2010-12-07,BAJO,,JACK,12,CH,5,NA,NA,NA,338,6,18.66087032594841,0.01866087032594841
9,ver,2010,2010-12-07,BAJO,,JACK,12,CH,3,NA,NA,NA,338,6,126.75308145927221,0.12675308145927222
9,ver,2010,2010-12-07,ALTO,,TRIANGULO,16.2,CH,2,NA,NA,NA,277,8.1,95.65764300525969,0.09565764300525968
9,ver,2010,2010-12-07,ALTO,,TRIANGULO,16.2,CH,1,NA,NA,NA,277,8.1,41.546843367205895,0.0415468433672059
9,ver,2010,2010-12-07,ALTO,,TRIANGULO,16.2,CH,2,NA,NA,NA,277,8.1,50.70123258370889,0.050701232583708886
9,ver,2010,2010-12-14,ALTO,,RPT1,10.5,CH,1,1,0,0,277,5.25,116.36637061747075,0.11636637061747075
9,ver,2010,2010-12-14,ALTO,,RPT1,10.5,CH,2,2,0,0,277,5.25,132.31150621288256,0.13231150621288257
9,ver,2010,2010-12-14,ALTO,,RPT1,10.5,CH,1,1,0,0,277,5.25,445.2103384730778,0.4452103384730778
9,ver,2010,2011-01-05,ALTO,,ANTENA,16.8,CH,2,2,0,0,277,8.4,227.0751525545417,0.2270751525545417
9,ver,2010,2011-01-05,ALTO,,TRIANGULO,16.2,CH,1,1,0,0,277,8.1,12.576254774517933,0.012576254774517933
9,ver,2010,2011-01-05,ALTO,,TRIANGULO,16.2,CH,13,1,0,12,277,8.1,0,0
9,ver,2010,2011-01-05,ALTO,,TRIANGULO,16.2,CH,3,3,0,0,277,8.1,85.08876886558596,0.08508876886558596
9,ver,2010,2011-01-05,ALTO,,TRIANGULO,16.2,CH,1,1,0,0,277,8.1,0,0
9,ver,2010,2011-01-08,BAJO,,CHACRA,3.4,CH,5,5,0,0,338,1.7,63.98855443682287,0.06398855443682287
9,ver,2010,2011-01-08,BAJO,,JACK,12,CH,1,1,0,0,338,6,35.20918929424228,0.03520918929424228
9,ver,2010,2011-01-08,BAJO,,JACK,12,CH,18,1,0,17,338,6,87.18059195321729,0.08718059195321728
10,oto,2011,2011-03-07,ALTO,,JACK,12,CH,8,8,0,0,277,6,239.10365303047257,0.23910365303047257
10,oto,2011,2011-03-07,BAJO,,JACK,12,CH,13,0,0,13,338,6,276.5384988131544,0.2765384988131544
10,oto,2011,2011-03-07,BAJO,,JACK,12,CH,17,17,0,0,338,6,45.80404370508637,0.045804043705086374
10,oto,2011,2011-03-07,BAJO,,JACK,12,CH,10,0,10,0,338,6,0.004099632056890491,4.099632056890492e-6
10,oto,2011,2011-03-11,BAJO,,RPT1,10.5,CH,1,1,0,0,338,5.25,75.17161914320727,0.07517161914320726
10,oto,2011,2011-03-12,ALTO,,TRIANGULO,16.2,CH,1,NA,NA,NA,277,8.1,25.526662238325656,0.025526662238325656
10,oto,2011,2011-03-12,ALTO,,TRIANGULO,16.2,CH,5,5,0,0,277,8.1,22.18178925537264,0.02218178925537264
10,oto,2011,2011-03-12,ALTO,,TRIANGULO,16.2,CH,1,1,0,0,277,8.1,0,0
10,oto,2011,2011-03-12,ALTO,,TRIANGULO,16.2,CH,2,1,0,1,277,8.1,0,0
10,oto,2011,2011-03-21,BAJO,,JACK,12,CH,1,1,0,0,338,6,26.054800077739287,0.026054800077739287
10,oto,2011,2011-03-21,BAJO,,JACK,12,CH,6,2,0,4,338,6,73.30772641524574,0.07330772641524574
10,oto,2011,2011-03-21,BAJO,,JACK,12,CH,4,4,0,0,338,6,48.23658933311193,0.04823658933311193
10,oto,2011,2011-03-22,ALTO,,LAGUNA,20,CH,3,3,0,0,277,10,33.62477577600138,0.03362477577600138
10,oto,2011,2011-03-22,ALTO,,LAGUNA,20,CH,3,1,0,2,277,10,228.8631458817428,0.2288631458817428
10,oto,2011,2011-03-22,ALTO,,ANTENA,16.8,CH,21,1,0,20,277,8.4,11.619032467099952,0.011619032467099952
10,oto,2011,2011-03-28,ALTO,,RPT1,10.5,CH,6,6,0,0,277,5.25,61.08794342551036,0.06108794342551036
10,oto,2011,2011-03-28,ALTO,,RPT1,10.5,CH,1,1,0,0,277,5.25,228.8631458817428,0.2288631458817428
10,oto,2011,2011-03-28,ALTO,,RPT1,10.5,CH,5,5,0,0,277,5.25,198.34477574957853,0.19834477574957854
11,inv,2011,2011-06-14,ALTO,,Ruta 63,40,CH,1,1,0,0,277,20,35.86732427649649,0.03586732427649649
11,inv,2011,2011-06-14,ALTO,,Ruta 63,40,CH,2,2,0,0,277,20,113.03303301429521,0.11303303301429521
11,inv,2011,2011-06-15,ALTO,,Jack,12,CH,2,2,0,0,277,6,486.01155176853047,0.48601155176853045
11,inv,2011,2011-06-15,ALTO,,Antena,16.8,CH,3,NA,NA,NA,277,8.4,85.6365338992302,0.0856365338992302
11,inv,2011,2011-06-15,ALTO,,Antena,16.8,CH,4,NA,NA,NA,277,8.4,62.71454210493767,0.06271454210493767
11,inv,2011,2011-06-15,ALTO,,RPT1,10.5,CH,1,1,0,0,277,5.25,251.93847165508967,0.25193847165508965
11,inv,2011,2011-06-15,ALTO,,RPT1,10.5,CH,1,1,0,0,277,5.25,111.7699896836119,0.1117699896836119
11,inv,2011,2011-06-29,ALTO,,Laguna,20,CH,5,1,4,0,277,10,44.959180297095855,0.044959180297095856
12,ver,2011,2011-12-12,BAJO,,JACK,12,CH,3,3,0,0,338,6,328.91967132747817,0.3289196713274782
12,ver,2011,2011-12-12,ALTO,,TRIANGULO,16.2,CH,3,3,0,0,277,8.1,219.10686017463064,0.21910686017463063
12,ver,2011,2011-12-12,ALTO,,ANTENA,16.8,CH,4,4,0,0,277,8.4,35.94535495743824,0.03594535495743824
12,ver,2011,2011-12-24,ALTO,,TRIANGULO,16.2,CH,3,3,0,0,277,8.1,298.59488564258635,0.29859488564258635
12,ver,2011,2011-12-24,ALTO,,LAGUNA,20,CH,6,6,0,0,277,10,42.81554280844516,0.042815542808445156
13,oto,2012,2012-03-03,ALTO,,Triángulo,16.2,CH,1,1,0,0,277,8.1,51.58146231606494,0.05158146231606495
13,oto,2012,2012-03-03,ALTO,,Laguna,20,CH,3,1,0,2,277,10,299.4460422386619,0.2994460422386619
13,oto,2012,2012-03-03,ALTO,,Laguna,20,CH,2,0,2,0,277,10,266.32784654928406,0.26632784654928404
13,oto,2012,2012-03-03,ALTO,,Laguna,20,CH,1,0,1,0,277,10,0,0
13,oto,2012,2012-03-03,ALTO,,Laguna,20,CH,2,2,0,0,277,10,202.95043549993335,0.20295043549993336
13,oto,2012,2012-03-09,ALTO,,RPT 1,10.5,CH,13,13,0,0,277,5.25,222.4214755250399,0.2224214755250399
13,oto,2012,2012-03-09,ALTO,,RPT 1,10.5,CH,17,NA,NA,NA,277,5.25,0,0
13,oto,2012,2012-03-10,ALTO,,Triángulo,16.2,CH,3,NA,NA,NA,277,8.1,289.4932658592085,0.28949326585920854
13,oto,2012,2012-03-10,ALTO,,Triángulo,16.2,CH,28,17,0,11,277,8.1,410.03312399853763,0.41003312399853764
13,oto,2012,2012-03-10,ALTO,,Antena,16.8,CH,1,1,0,0,277,8.4,174.95727198270114,0.17495727198270114
13,oto,2012,2012-03-10,ALTO,,Laguna,20,CH,1,1,0,0,277,10,93.2720500572783,0.0932720500572783
13,oto,2012,2012-03-17,ALTO,,RPT 1,10.5,CH,14,14,0,0,277,5.25,94.99022695392233,0.09499022695392233
13,oto,2012,2012-03-19,BAJO,,RP63,40,CH,2,2,0,0,338,20,20.729911407071448,0.02072991140707145
14,inv,2012,2012-06-16,ALTO,,Triangulo,16.2,CH,2,2,0,0,277,8.1,115.60196558280192,0.11560196558280192
14,inv,2012,2012-06-16,ALTO,,Laguna,20,CH,3,NA,NA,NA,277,10,197.61610650737745,0.19761610650737746
15,pri,2012,2012-09-15,ALTO,,Laguna,20,CH,6,0,6,0,277,10,196.55871416738137,0.19655871416738135
15,pri,2012,2012-09-15,ALTO,,Antena,16.8,CH,1,1,0,0,277,8.4,7.2178838053196674,0.007217883805319667
15,pri,2012,2012-09-15,ALTO,,Triangulo,16.2,CH,4,0,4,0,277,8.1,123.6887846395719,0.1236887846395719
15,pri,2012,2012-09-15,ALTO,,Triangulo,16.2,CH,5,0,5,0,277,8.1,114.86983796854105,0.11486983796854106
15,pri,2012,2012-09-17,BAJO,,Jack,12,CH,1,1,0,0,338,6,357.91259068461153,0.3579125906846115
15,pri,2012,2012-09-17,BAJO,,Jack,12,CH,1,0,1,0,338,6,78.33632962326969,0.0783363296232697
15,pri,2012,2012-09-17,BAJO,,Jack,12,CH,7,4,3,0,338,6,143.62157327479363,0.14362157327479363
15,pri,2012,2012-09-17,BAJO,,Jack,12,CH,2,2,0,0,338,6,229.58827905629968,0.2295882790562997
15,pri,2012,2012-09-17,BAJO,,Jack,12,CH,1,1,0,0,338,6,67.95508710931755,0.06795508710931755
15,pri,2012,2012-09-17,BAJO,,Jack,12,CH,1,1,0,0,338,6,255.68304578975955,0.25568304578975953
15,pri,2012,2012-09-17,BAJO,,Jack,12,CH,1,1,0,0,338,6,174.89497938710556,0.17489497938710558
15,pri,2012,2012-09-23,BAJO,,Chacra,3.4,CH,2,2,0,0,338,1.7,0,0
15,pri,2012,2012-09-25,ALTO,,Triangulo,16.2,CH,1,1,0,0,277,8.1,260.37163272869304,0.26037163272869307
15,pri,2012,2012-09-25,ALTO,,Triangulo,16.2,CH,3,3,0,0,277,8.1,55.66728836743991,0.05566728836743991
16,ver,2012,2012-12-17,ALTO,,Triangulo,16.2,CH,2,2,0,0,277,8.1,3.5209189294242282,0.003520918929424228
16,ver,2012,2012-12-17,ALTO,,Triangulo,16.2,CH,2,2,0,0,277,8.1,226.41042218045166,0.22641042218045165
16,ver,2012,2012-12-17,ALTO,,Antena,16.8,CH,9,9,0,0,277,8.4,162.5195485332692,0.1625195485332692
16,ver,2012,2012-12-17,ALTO,,Laguna,20,CH,1,1,0,0,277,10,30.447774717253946,0.030447774717253948
16,ver,2012,2012-12-17,ALTO,,RP1,10.5,CH,20,1,1,18,277,5.25,213.68534507274111,0.21368534507274112
16,ver,2012,2012-12-17,ALTO,,RP1,10.5,CH,5,5,0,0,277,5.25,83.32087786636392,0.08332087786636391
16,ver,2012,2012-12-17,ALTO,,RP1,10.5,CH,1,1,0,0,277,5.25,41.959231952276255,0.04195923195227626
16,ver,2012,2012-12-17,ALTO,,RP1,10.5,CH,1,1,0,0,277,5.25,78.71245611117862,0.07871245611117862
16,ver,2012,2012-12-17,ALTO,,RP1,10.5,CH,5,5,0,0,277,5.25,454.6467348623586,0.45464673486235857
16,ver,2012,2012-12-17,ALTO,,RP1,10.5,CH,2,2,0,0,277,5.25,113.80437952844669,0.11380437952844669
16,ver,2012,2013-01-03,ALTO,,Chacra,3.4,CH,3,3,0,0,277,1.7,182.09335425030136,0.18209335425030135
16,ver,2012,2013-01-18,ALTO,,RP1,10.5,CH,18,18,0,0,277,5.25,21.12551357654537,0.02112551357654537
16,ver,2012,2013-01-18,ALTO,,RP1,10.5,CH,5,5,0,0,277,5.25,297.8639283431157,0.29786392834311565
16,ver,2012,2013-01-18,ALTO,,Triangulo,16.2,CH,1,1,0,0,277,8.1,38.40742461114584,0.038407424611145845
16,ver,2012,2013-01-18,ALTO,,Triangulo,16.2,CH,3,3,0,0,277,8.1,1.4693173422070434,0.0014693173422070435
16,ver,2012,2013-01-18,ALTO,,Triangulo,16.2,CH,7,7,0,0,277,8.1,1.4693173422070434,0.0014693173422070435
16,ver,2012,2013-01-18,ALTO,,Triangulo,16.2,CH,2,2,0,0,277,8.1,715.1973308804463,0.7151973308804463
16,ver,2012,2013-01-18,ALTO,,RP63,40,CH,1,1,0,0,277,20,36.9696487589544,0.0369696487589544
16,ver,2012,2013-01-18,ALTO,,Antena,16.8,CH,2,2,0,0,277,8.4,73.0134106845633,0.0730134106845633
16,ver,2012,2013-01-18,ALTO,,Antena,16.8,CH,10,10,0,0,277,8.4,32.96321825933233,0.03296321825933233
16,ver,2012,2013-01-18,ALTO,,Antena,16.8,CH,5,5,0,0,277,8.4,435.45966929843905,0.43545966929843904
16,ver,2012,2013-01-18,ALTO,,Antena,16.8,CH,1,1,0,0,277,8.4,78.88306107895862,0.07888306107895862
16,ver,2012,2013-01-18,ALTO,,Antena,16.8,CH,1,1,0,0,277,8.4,29.812250193067023,0.029812250193067023
16,ver,2012,2013-01-18,ALTO,,Laguna,20,CH,11,11,0,0,277,10,103.76803043609138,0.10376803043609138
17,ver,2014,2014-01-17,BAJO,,Jack,12,CH,6,1,5,0,338,6,192.98430856415135,0.19298430856415136
17,ver,2014,2014-01-17,BAJO,,Jack,12,CH,2,2,0,0,338,6,158.04038039861885,0.15804038039861884
17,ver,2014,2014-01-17,BAJO,,RP63,40,CH,7,1,0,6,338,20,165.41958473174563,0.16541958473174562
17,ver,2014,2014-01-17,BAJO,,RP63,40,CH,2,2,0,0,338,20,112.2922658394982,0.1122922658394982
17,ver,2014,2014-01-17,BAJO,,RP63,40,CH,11,11,0,0,338,20,77.77770973324853,0.07777770973324853
17,ver,2014,2014-01-18,ALTO,,Triang,16.2,CH,9,9,0,0,277,8.1,210.84563665013076,0.21084563665013076
17,ver,2014,2014-01-18,ALTO,,Antena,16.8,CH,4,4,0,0,277,8.4,41.9799765926286,0.0419799765926286
17,ver,2014,2014-01-18,ALTO,,Antena,16.8,CH,2,2,0,0,277,8.4,157.02658312515194,0.15702658312515194
17,ver,2014,2014-01-18,BAJO,,Chacra,3.4,CH,9,1,0,8,338,1.7,37.98495227806086,0.03798495227806086
17,ver,2014,2014-01-18,BAJO,,Chacra,3.4,CH,18,NA,NA,17,338,1.7,46.47612986839981,0.04647612986839981
17,ver,2014,2014-01-18,ALTO,,Laguna,20,CH,2,2,0,0,277,10,120.82553595511726,0.12082553595511726
17,ver,2014,2014-01-18,ALTO,,Laguna,20,CH,7,7,0,0,277,10,0,0
17,ver,2014,2014-01-18,ALTO,,Laguna,20,CH,2,2,0,0,277,10,91.04498268617698,0.09104498268617697
17,ver,2014,2014-01-18,ALTO,,Laguna,20,CH,1,1,0,0,277,10,11.252438482463415,0.011252438482463415
17,ver,2014,2014-01-17,ALTO,,RPT1,10.5,CH,1,1,0,0,277,5.25,204.94994717973563,0.20494994717973564
17,ver,2014,2014-01-17,ALTO,,RPT1,10.5,CH,2,2,0,0,277,5.25,290.3165897313856,0.2903165897313856
17,ver,2014,2014-01-28,ALTO,,RPT1,10.5,CH,4,4,0,0,277,5.25,251.10991015584807,0.25110991015584805
17,ver,2014,2014-01-28,ALTO,,RPT1,10.5,CH,6,6,0,0,277,5.25,134.44275687639072,0.1344427568763907
17,ver,2014,2014-01-28,ALTO,,Triang,16.2,CH,3,3,0,0,277,8.1,9.928622190408895,0.009928622190408895
17,ver,2014,2014-01-28,ALTO,,Triang,16.2,CH,4,4,0,0,277,8.1,92.9772931108069,0.0929772931108069
17,ver,2014,2014-01-28,ALTO,,Triang,16.2,CH,4,4,0,0,277,8.1,168.95873694329427,0.16895873694329427
17,ver,2014,2014-01-28,ALTO,,Antena,16.8,CH,3,3,0,0,277,8.4,160.06112310304363,0.16006112310304363
17,ver,2014,2014-01-28,BAJO,,Chacra,3.4,CH,15,1,0,14,338,1.7,100.40661589502598,0.10040661589502597
17,ver,2014,2014-01-28,BAJO,,Chacra,3.4,CH,4,4,0,0,338,1.7,69.77279046978049,0.0697727904697805
17,ver,2014,2014-01-28,BAJO,,Chacra,3.4,CH,15,2,0,13,338,1.7,58.657293647569865,0.058657293647569865
18,inv,2014,2014-07-26,BAJO,,RP1,10.5,CH,6,6,0,0,338,5.25,56.578195532494455,0.056578195532494456
18,inv,2014,2014-07-26,BAJO,,RP1,10.5,CH,1,1,0,0,338,5.25,108.7514787334507,0.1087514787334507
18,inv,2014,2014-07-26,ALTO,,ANTENA,16.8,CH,5,5,0,0,277,8.4,71.3518209153352,0.07135182091533519
18,inv,2014,2014-07-26,ALTO,,ANTENA,16.8,CH,6,6,0,0,277,8.4,238.27549967411468,0.23827549967411468
18,inv,2014,2014-07-26,ALTO,,ANTENA,16.8,CH,4,4,0,0,277,8.4,47.48984852041111,0.04748984852041111
18,inv,2014,2014-07-26,ALTO,,ANTENA,16.8,CH,5,5,0,0,277,8.4,0,0
18,inv,2014,2014-07-27,ALTO,,RP63,40,CH,2,2,0,0,277,20,321.4513526731797,0.3214513526731797
18,inv,2014,2014-07-27,BAJO,,RP63,40,CH,1,1,0,0,338,20,0,0
18,inv,2014,2014-07-27,BAJO,,RP63,40,CH,3,3,0,0,338,20,26.939569852133825,0.026939569852133825
18,inv,2014,2014-07-29,ALTO,,TRIÁNGULO,16.2,CH,2,NA,NA,NA,277,8.1,80.66435953247974,0.08066435953247973
18,inv,2014,2014-07-29,ALTO,,TRIÁNGULO,16.2,CH,10,NA,NA,NA,277,8.1,231.88809368481742,0.23188809368481741
18,inv,2014,2014-08-26,ALTO,,RP1,10.5,CH,5,5,0,0,277,5.25,72.35826734627231,0.07235826734627232
18,inv,2014,2014-08-26,ALTO,,RP1,10.5,CH,4,4,0,0,277,5.25,171.0239545856902,0.1710239545856902
18,inv,2014,2014-08-26,ALTO,,RP1,10.5,CH,2,2,0,0,277,5.25,262.1100659532998,0.2621100659532998
18,inv,2014,2014-08-26,ALTO,,RP1,10.5,CH,4,4,0,0,277,5.25,74.99557319673606,0.07499557319673605
18,inv,2014,2014-08-26,ALTO,,LAGUNA,20,CH,1,1,0,0,277,10,115.03110159168108,0.11503110159168108
18,inv,2014,2014-08-26,ALTO,,JACK,12,CH,2,NA,NA,NA,277,6,93.5716310729716,0.0935716310729716
18,inv,2014,2014-08-26,BAJO,,JACK,12,CH,1,1,0,0,338,6,165.2679952405983,0.16526799524059832
18,inv,2014,2014-08-26,BAJO,,JACK,12,CH,6,NA,NA,NA,338,6,134.09949954008368,0.13409949954008368
18,inv,2014,2014-08-26,BAJO,,JACK,12,CH,4,NA,NA,NA,338,6,24.225838144597702,0.0242258381445977
18,inv,2014,2014-08-28,ALTO,,TRIÁNGULO,16.2,CH,1,NA,NA,NA,277,8.1,124.66126725527971,0.1246612672552797
18,inv,2014,2014-08-28,ALTO,,TRIÁNGULO,16.2,CH,7,NA,NA,NA,277,8.1,66.79224678117444,0.06679224678117444
18,inv,2014,2014-08-28,ALTO,,TRIÁNGULO,16.2,CH,1,NA,NA,NA,277,8.1,446.99833180027895,0.4469983318002789
18,inv,2014,2014-08-28,ALTO,,TRIÁNGULO,16.2,CH,2,NA,NA,NA,277,8.1,104.96365892418964,0.10496365892418964
18,inv,2014,2014-08-28,ALTO,,ANTENA,16.8,CH,5,NA,NA,NA,277,8.4,314.82844480266806,0.3148284448026681
18,inv,2014,2014-08-28,ALTO,,ANTENA,16.8,CH,1,NA,NA,NA,277,8.4,372.08053526493666,0.3720805352649367
18,inv,2014,2014-08-28,ALTO,,ANTENA,16.8,CH,4,NA,NA,NA,277,8.4,178.82715851504372,0.17882715851504372
18,inv,2014,2014-08-28,ALTO,,ANTENA,16.8,CH,1,NA,NA,NA,277,8.4,129.81476452576678,0.12981476452576676
18,inv,2014,2014-08-28,ALTO,,ANTENA,16.8,CH,2,NA,NA,NA,277,8.4,40.490567688378626,0.04049056768837862
18,inv,2014,2014-08-28,ALTO,,ANTENA,16.8,CH,3,NA,NA,NA,277,8.4,175.58389984388918,0.1755838998438892
18,inv,2014,2014-08-28,ALTO,,ANTENA,16.8,CH,1,NA,NA,NA,277,8.4,59.72265080770134,0.059722650807701345
18,inv,2014,2014-08-29,BAJO,,RP63,40,CH,5,NA,NA,NA,338,20,220.81717590933778,0.22081717590933778
18,inv,2014,2014-08-29,BAJO,,RP63,40,CH,3,NA,NA,NA,338,20,11.911657508799573,0.011911657508799573
19,ver,2015,2014-12-21,BAJO,,RP63,40,CH,3,1,1,1,338,20,35.99121023644138,0.03599121023644138
19,ver,2015,2014-12-21,ALTO,,TRIÁNGULO,16.2,CH,1,1,0,0,277,8.1,55.844556599409046,0.05584455659940905
19,ver,2015,2014-12-21,ALTO,,TRIÁNGULO,16.2,CH,3,1,2,0,277,8.1,84.1277314242118,0.0841277314242118
19,ver,2015,2014-12-21,ALTO,,TRIÁNGULO,16.2,CH,3,3,0,0,277,8.1,124.09901466535344,0.12409901466535343
19,ver,2015,2014-12-22,ALTO,,RPT1,10.5,CH,2,2,0,0,277,5.25,182.1972367577165,0.18219723675771649
19,ver,2015,2014-12-22,ALTO,,RPT1,10.5,CH,5,5,0,0,277,5.25,195.70781064284725,0.19570781064284726
19,ver,2015,2014-12-23,BAJO,,JACK,12,CH,9,9,0,0,338,6,75.56395786673149,0.07556395786673148
19,ver,2015,2014-12-23,ALTO,,ANTENA,16.8,CH,1,1,0,0,277,8.4,179.95593120455158,0.17995593120455158
19,ver,2015,2014-12-23,BAJO,,CHACRA,3.4,CH,5,5,0,0,338,1.7,195.7041683908477,0.1957041683908477
19,ver,2015,2015-01-08,ALTO,,RPT1,10.5,CH,1,NA,NA,NA,277,5.25,77.49613248328573,0.07749613248328574
19,ver,2015,2015-01-08,ALTO,,LAGUNA,20,CH,2,2,0,0,277,10,140.00169561848875,0.14000169561848874
19,ver,2015,2015-01-08,BAJO,,CHACRA,3.4,CH,1,1,0,0,338,1.7,128.4840409870348,0.1284840409870348
19,ver,2015,2015-01-08,BAJO,,CHACRA,3.4,CH,6,NA,NA,NA,338,1.7,73.11434018287177,0.07311434018287177
19,ver,2015,2015-01-10,BAJO,,Jack,12,CH,21,1,0,20,338,6,259.47398532485846,0.25947398532485844
19,ver,2015,2015-01-13,ALTO,,TRIANGULO,16.2,CH,4,4,0,0,277,8.1,207.72272866998543,0.20772272866998542
19,ver,2015,2015-01-13,ALTO,,TRIANGULO,16.2,CH,2,2,0,0,277,8.1,200.92348904306579,0.20092348904306578
19,ver,2015,2015-01-13,ALTO,,TRIANGULO,16.2,CH,5,5,0,0,277,8.1,0,0
20,oto,2015,2015-04-05,BAJO,COML,NA,3.4,CH,8,NA,NA,NA,338,3.4,396.4002013750136,0.3964002013750136
20,oto,2015,2015-04-05,ALTO,LAG1,NA,3.5,CH,6,6,0,0,277,3.5,83.49562055174945,0.08349562055174946
20,oto,2015,2015-04-05,ALTO,LAG1,NA,3.5,CH,1,1,0,0,277,3.5,338.91722972648967,0.3389172297264897
20,oto,2015,2015-04-05,ALTO,LAG2,NA,3.6,CH,1,1,0,0,277,3.6,142.11385839369694,0.14211385839369695
20,oto,2015,2015-04-05,ALTO,LAG2,NA,3.6,CH,1,1,0,0,277,3.6,125.93992977788581,0.12593992977788582
20,oto,2015,2015-04-05,ALTO,LAG2,NA,3.6,CH,6,0,6,0,277,3.6,386.320365020309,0.386320365020309
20,oto,2015,2015-04-05,ALTO,LAG3,NA,3,CH,3,3,0,0,277,3,200.43768652349328,0.20043768652349328
20,oto,2015,2015-04-05,ALTO,ANT1,NA,3.3,CH,2,1,NA,NA,277,3.3,29.97087996591161,0.02997087996591161
20,oto,2015,2015-04-05,ALTO,ANT1,NA,3.3,CH,4,4,0,0,277,3.3,188.0496789220402,0.1880496789220402
20,oto,2015,2015-04-05,ALTO,ANT1,NA,3.3,CH,1,1,0,0,277,3.3,182.55272431744046,0.18255272431744046
20,oto,2015,2015-04-05,ALTO,ANT1,NA,3.3,CH,4,4,0,0,277,3.3,291.1584058625416,0.2911584058625416
20,oto,2015,2015-04-05,ALTO,TRI1,NA,4,CH,2,2,0,0,277,4,52.23496222630309,0.05223496222630309
20,oto,2015,2015-04-05,ALTO,TRI1,NA,4,CH,6,6,0,0,277,4,114.10235776963427,0.11410235776963426
20,oto,2015,2015-04-05,ALTO,TRI1,NA,4,CH,10,10,0,0,277,4,0,0
20,oto,2015,2015-04-05,ALTO,TRI1,NA,4,CH,3,3,0,0,277,4,212.54563627965538,0.2125456362796554
20,oto,2015,2015-04-05,ALTO,TRI2,NA,3.9,CH,2,0,2,0,277,3.9,0,0
20,oto,2015,2015-04-05,ALTO,TRI2,NA,3.9,CH,3,3,0,0,277,3.9,472.71766701238516,0.47271766701238516
20,oto,2015,2015-04-05,ALTO,TRI2,NA,3.9,CH,4,4,0,0,277,3.9,43.816600568556105,0.0438166005685561
20,oto,2015,2015-04-05,ALTO,RP63A1,NA,2.2,CH,4,4,0,0,277,2.2,297.263874258435,0.29726387425843503
20,oto,2015,2015-04-05,ALTO,RP63A1,NA,2.2,CH,4,NA,NA,NA,277,2.2,194.002393013536,0.194002393013536
20,oto,2015,2015-04-06,ALTO,LIMS1,NA,3.5,CH,1,1,0,0,277,3.5,280.7149523705752,0.2807149523705752
20,oto,2015,2015-04-06,ALTO,LIMS1,NA,3.5,CH,12,12,0,0,277,3.5,239.94124160606876,0.23994124160606875
20,oto,2015,2015-04-06,ALTO,LIMS1,NA,3.5,CH,1,1,0,0,277,3.5,256.4224140872893,0.25642241408728933
20,oto,2015,2015-04-06,ALTO,LIMS2,NA,3.4,CH,1,1,0,0,277,3.4,438.0649833410592,0.4380649833410592
20,oto,2015,2015-04-06,ALTO,LIMS2,NA,3.4,CH,1,1,0,0,277,3.4,485.88133819195866,0.48588133819195867
20,oto,2015,2015-04-06,ALTO,LIMS2,NA,3.4,CH,1,1,0,0,277,3.4,255.2663065967579,0.25526630659675786
20,oto,2015,2015-04-06,BAJO,JACK 1,NA,2.5,CH,9,9,0,0,338,2.5,119.80619107493658,0.11980619107493658
20,oto,2015,2015-04-06,ALTO,RPT1 A,NA,3.1,CH,6,6,0,0,277,3.1,170.63614516486098,0.17063614516486098
20,oto,2015,2015-04-06,ALTO,RPT1 A,NA,3.1,CH,2,2,0,0,277,3.1,66.3338989853784,0.06633389898537839
20,oto,2015,2015-04-06,BAJO,RPT1 B,NA,2.5,CH,2,2,0,0,338,2.5,106.64759072803811,0.10664759072803812
21,pri,2015,2015-09-10,BAJO,JACK 1,NA,5,CH,1,1,0,0,338,2.5,50.558368537349295,0.050558368537349296
21,pri,2015,2015-09-10,BAJO,JACK 1,NA,5,CH,6,6,0,0,338,2.5,70.84906430264925,0.07084906430264926
21,pri,2015,2015-09-10,BAJO,JACK 1,NA,5,CH,9,9,0,0,338,2.5,256.8882222641441,0.2568882222641441
21,pri,2015,2015-09-10,BAJO,JACK 1,NA,5,CH,1,1,0,0,338,2.5,14.600083768073418,0.014600083768073417
21,pri,2015,2015-09-11,ALTO,TRI2,NA,7.8,CH,4,4,0,0,277,3.9,0.0032254458094653133,3.2254458094653134e-6
21,pri,2015,2015-09-12,BAJO,RPT1 A,NA,6.2,CH,6,6,0,0,338,3.1,54.66127279038026,0.05466127279038026
21,pri,2015,2015-09-12,BAJO,RPT1 A,NA,6.2,CH,2,2,0,0,338,3.1,93.1391450599186,0.0931391450599186
21,pri,2015,2015-09-12,BAJO,RPT1 B,NA,5,CH,5,5,0,0,338,2.5,286.12345362406995,0.28612345362406993
21,pri,2015,2015-09-13,ALTO,COML,NA,6.8,CH,2,NA,NA,NA,277,3.4,15.349337020900101,0.015349337020900102
21,pri,2015,2015-09-13,ALTO,COML,NA,6.8,CH,2,NA,NA,NA,277,3.4,89.34320730886526,0.08934320730886526
21,pri,2015,2015-09-13,ALTO,LAG1,NA,7,CH,7,7,0,0,277,3.5,313.5710337882805,0.3135710337882805
21,pri,2015,2015-09-13,ALTO,LAG2,NA,7.2,CH,2,NA,NA,NA,277,3.6,207.48664105950098,0.207486641059501
21,pri,2015,2015-09-13,ALTO,ANT2,NA,6.2,CH,2,NA,NA,NA,277,3.1,136.02700939250226,0.13602700939250226
21,pri,2015,2015-10-04,ALTO,LIMS2,NA,6.8,CH,3,3,0,0,277,3.4,287.5777539792027,0.2875777539792027
21,pri,2015,2015-10-04,BAJO,JACK 1,NA,5,CH,3,3,0,0,338,2.5,14.029285510363941,0.014029285510363941
21,pri,2015,2015-10-04,ALTO,TRI1,NA,8,CH,3,3,0,0,277,4,116.34282624876884,0.11634282624876885
21,pri,2015,2015-10-05,ALTO,COML,NA,6.8,CH,1,1,0,0,277,3.4,158.7091031821013,0.1587091031821013
21,pri,2015,2015-10-05,ALTO,ANT1,NA,6.6,CH,1,1,0,0,277,3.3,270.41905666145294,0.27041905666145294
21,pri,2015,2015-10-05,ALTO,ANT1,NA,6.6,CH,6,6,0,0,277,3.3,113.16806259122933,0.11316806259122933
22,ver,2015,2015-12-13,ALTO,LIMS1,NA,3.5,CH,9,NA,NA,NA,277,3.5,179.52696659349203,0.17952696659349204
22,ver,2015,2015-12-13,BAJO,JACK 1,NA,2.5,CH,16,1,0,15,338,2.5,0,0
22,ver,2015,2015-12-13,BAJO,JACK 1,NA,2.5,CH,26,6,0,20,338,2.5,51.81780558737684,0.051817805587376836
22,ver,2015,2015-12-13,ALTO,JACK 2,NA,2.4,CH,4,4,0,0,277,2.4,355.543622586495,0.355543622586495
22,ver,2015,2015-12-13,ALTO,TRI2,NA,3.9,CH,1,1,0,0,277,3.9,134.77583832929926,0.13477583832929926
22,ver,2015,2015-12-14,ALTO,RPT1 A,NA,3.1,CH,3,3,0,0,277,3.1,162.06174424872796,0.16206174424872796
22,ver,2015,2015-12-14,ALTO,RPT1 A,NA,3.1,CH,11,1,0,10,277,3.1,48.47617760365368,0.048476177603653685
22,ver,2015,2015-12-14,ALTO,LAG1,NA,3.5,CH,2,2,0,0,277,3.5,50.59396331271139,0.05059396331271139
22,ver,2015,2015-12-14,ALTO,LAG1,NA,3.5,CH,2,2,0,0,277,3.5,125.96923582754484,0.12596923582754482
22,ver,2015,2015-12-14,ALTO,LAG2,NA,3.6,CH,3,3,0,0,277,3.6,170.2559499427356,0.1702559499427356
22,ver,2015,2015-12-14,ALTO,LAG2,NA,3.6,CH,1,1,0,0,277,3.6,26.60870747029584,0.02660870747029584
22,ver,2015,2015-12-14,ALTO,ANT2,NA,3.1,CH,4,4,0,0,277,3.1,106.55118194854688,0.10655118194854689
23,oto,2016,2016-03-28,ALTO,RPT1 A,NA,6.2,CH,4,4,NA,0,277,3.1,61.474385530498786,0.06147438553049878
23,oto,2016,2016-03-28,ALTO,RPT1 A,NA,6.2,CH,5,5,NA,0,277,3.1,65.92760154096901,0.06592760154096901
23,oto,2016,2016-03-28,ALTO,RPT1 B,NA,5,CH,3,3,NA,0,277,2.5,65.92760154096901,0.06592760154096901
23,oto,2016,2016-03-28,ALTO,RPT1 B,NA,5,CH,3,3,NA,0,277,2.5,116.34282624876884,0.11634282624876885
23,oto,2016,2016-03-28,ALTO,COML,NA,6.8,CH,7,7,NA,0,277,3.4,0,0
23,oto,2016,2016-03-28,ALTO,COML,NA,6.8,CH,2,2,NA,0,277,3.4,54.3417393251074,0.0543417393251074
23,oto,2016,2016-03-28,ALTO,COML,NA,6.8,CH,3,3,NA,0,277,3.4,297.81623358694145,0.2978162335869414
23,oto,2016,2016-03-28,ALTO,ANT1,NA,6.6,CH,6,6,NA,0,277,3.3,229.94384317726437,0.22994384317726438
23,oto,2016,2016-03-28,ALTO,ANT1,NA,6.6,CH,1,1,NA,0,277,3.3,212.7258811335296,0.2127258811335296
23,oto,2016,2016-03-28,ALTO,ANT2,NA,6.2,CH,7,7,NA,0,277,3.1,0,0
23,oto,2016,2016-03-28,ALTO,RP63A1,NA,4.4,CH,1,1,NA,0,277,2.2,96.95235520730736,0.09695235520730737
23,oto,2016,2016-03-28,ALTO,TRI1,NA,8,CH,3,3,NA,0,277,4,79.04252992742894,0.07904252992742894
23,oto,2016,2016-03-28,ALTO,TRI1,NA,8,CH,4,4,NA,0,277,4,70.28187888337692,0.07028187888337692
23,oto,2016,2016-03-28,ALTO,TRI1,NA,8,CH,2,2,NA,0,277,4,163.20633326681093,0.16320633326681094
23,oto,2016,2016-04-14,ALTO,LIMS1,NA,7,CH,2,2,NA,0,277,3.5,138.08386417166014,0.13808386417166013
23,oto,2016,2016-04-23,ALTO,COML,NA,6.8,CH,15,15,NA,0,277,3.4,255.62467020373575,0.25562467020373575
23,oto,2016,2016-04-23,ALTO,ANT1,NA,6.6,CH,9,9,NA,0,277,3.3,264.5851774368331,0.2645851774368331
23,oto,2016,2016-04-23,ALTO,ANT2,NA,6.2,CH,3,3,NA,0,277,3.1,40.93047717781289,0.04093047717781289
23,oto,2016,2016-04-23,ALTO,RP63A1,NA,4.4,CH,23,23,NA,0,277,2.2,117.27886116295828,0.11727886116295828
23,oto,2016,2016-04-25,BAJO,RP63B4,NA,6.2,CH,2,2,NA,0,338,3.1,28.720329771216747,0.028720329771216746
23,oto,2016,2016-04-25,BAJO,RP63B4,NA,6.2,CH,2,2,NA,0,338,3.1,54.77597693657809,0.05477597693657809
23,oto,2016,2016-04-25,BAJO,RP63B4,NA,6.2,CH,2,2,NA,0,338,3.1,82.9912160574551,0.0829912160574551
23,oto,2016,2016-04-25,BAJO,RP63B5,NA,5.8,CH,8,8,NA,0,338,2.9,197.19617415716758,0.1971961741571676
23,oto,2016,2016-04-24,ALTO,RPT1 A,NA,6.2,CH,2,2,NA,0,277,3.1,278.28882309854504,0.278288823098545
23,oto,2016,2016-04-24,ALTO,RPT1 A,NA,6.2,CH,1,1,NA,0,277,3.1,0,0
23,oto,2016,2016-04-24,ALTO,LAG1,NA,7,CH,6,6,NA,0,277,3.5,191.45329302017666,0.19145329302017666
23,oto,2016,2016-04-25,ALTO,TRI1,NA,8,CH,5,5,NA,0,277,4,41.9799765926286,0.0419799765926286
23,oto,2016,2016-04-25,ALTO,TRI1,NA,8,CH,6,6,NA,0,277,4,0,0
23,oto,2016,2016-04-25,ALTO,TRI1,NA,8,CH,3,3,NA,0,277,4,239.73320626015328,0.2397332062601533
23,oto,2016,2016-04-25,ALTO,TRI2,NA,7.8,CH,3,NA,NA,NA,277,3.9,38.78094208292295,0.038780942082922945
23,oto,2016,2016-04-26,ALTO,LIMS1,NA,7,CH,1,1,NA,0,277,3.5,28.455626271021202,0.028455626271021203
23,oto,2016,2016-04-26,ALTO,LIMS1,NA,7,CH,5,5,NA,0,277,3.5,161.04991257302973,0.16104991257302972
23,oto,2016,2016-04-26,ALTO,LIMS1,NA,7,CH,2,1,NA,1,277,3.5,147.61533971566553,0.14761533971566554
23,oto,2016,2016-04-26,ALTO,LIMS1,NA,7,CH,5,1,NA,4,277,3.5,156.039996169397,0.156039996169397
23,oto,2016,2016-04-26,ALTO,LIMS1,NA,7,CH,1,1,NA,0,277,3.5,96.1767363656489,0.09617673636564891
23,oto,2016,2016-04-26,ALTO,LIMS1,NA,7,CH,5,5,NA,0,277,3.5,97.23458813160713,0.09723458813160712
23,oto,2016,2016-04-26,ALTO,LIMS1,NA,7,CH,1,1,NA,0,277,3.5,210.0892159461311,0.2100892159461311
23,oto,2016,2016-04-26,ALTO,LIMS1,NA,7,CH,2,2,NA,0,277,3.5,168.67305061598108,0.1686730506159811
23,oto,2016,2016-04-26,ALTO,LIMS2,NA,6.8,CH,3,3,NA,0,277,3.4,239.18132451387098,0.23918132451387097
23,oto,2016,2016-04-26,BAJO,JACK 1,NA,5,CH,3,3,NA,0,338,2.5,159.32613133982537,0.15932613133982537
23,oto,2016,2016-04-26,BAJO,JACK 1,NA,5,CH,8,8,NA,0,338,2.5,169.94223903411725,0.16994223903411726
24,pri,2016,2016-09-28,ALTO,LIMS1,NA,10.5,CH,2,2,NA,0,277,3.5,83.21329956090516,0.08321329956090516
24,pri,2016,2016-09-28,ALTO,LIMS1,NA,10.5,CH,7,7,NA,0,277,3.5,24.6464325059696,0.0246464325059696
24,pri,2016,2016-09-28,ALTO,LIMS1,NA,10.5,CH,5,5,NA,0,277,3.5,69.45503324945484,0.06945503324945485
24,pri,2016,2016-09-28,ALTO,LIMS1,NA,10.5,CH,1,1,NA,0,277,3.5,124.26553624047754,0.12426553624047755
24,pri,2016,2016-09-28,ALTO,LIMS2,NA,6.8,CH,5,5,NA,0,277,3.4,137.84380556224926,0.13784380556224926
24,pri,2016,2016-09-28,ALTO,LIMS2,NA,6.8,CH,4,4,NA,0,277,3.4,22.107732077310473,0.022107732077310472
24,pri,2016,2016-09-28,BAJO,RPT1 B,NA,5,CH,1,1,NA,0,338,2.5,103.9329247822335,0.1039329247822335
24,pri,2016,2016-09-28,BAJO,RPT1 B,NA,5,CH,1,1,NA,0,338,2.5,61.61608126492399,0.06161608126492399
24,pri,2016,2016-09-28,ALTO,LAG1,NA,7,CH,1,1,NA,0,277,3.5,446.99833180027895,0.4469983318002789
24,pri,2016,2016-09-28,ALTO,LAG2,NA,7.2,CH,2,2,NA,0,277,3.6,58.23168117250832,0.058231681172508314
24,pri,2016,2016-09-28,BAJO,RP63B1,NA,7.2,CH,4,4,NA,0,338,3.6,0,0
24,pri,2016,2016-09-28,BAJO,RP63B4,NA,6.2,CH,5,5,NA,0,338,3.1,51.92621749000466,0.05192621749000466
24,pri,2016,2016-10-05,ALTO,COML,NA,6.8,CH,12,12,NA,0,277,3.4,130.44665794664965,0.13044665794664964
24,pri,2016,2016-10-05,ALTO,COML,NA,6.8,CH,4,4,NA,0,277,3.4,40.05763178669152,0.04005763178669152
24,pri,2016,2016-10-05,ALTO,LAG2,NA,7.2,CH,2,2,NA,0,277,3.6,53.52283368701888,0.05352283368701888
24,pri,2016,2016-10-05,BAJO,CHACRA,NA,4,CH,4,4,NA,0,338,2,21.12551357654537,0.02112551357654537
24,pri,2016,2016-10-05,ALTO,ANT2,NA,6.2,CH,2,2,NA,0,277,3.1,51.378651370134186,0.051378651370134185
24,pri,2016,2016-10-05,ALTO,ANT2,NA,6.2,CH,1,1,NA,0,277,3.1,249.93895997528736,0.24993895997528737
24,pri,2016,2016-10-05,ALTO,LIMS1,NA,10.5,CH,1,1,NA,0,277,3.5,119.83311103623191,0.11983311103623191
24,pri,2016,2016-10-05,ALTO,LIMS2,NA,6.8,CH,2,2,NA,0,277,3.4,194.95238878072414,0.19495238878072413
24,pri,2016,2016-10-05,ALTO,LIMS2,NA,6.8,CH,1,1,NA,0,277,3.4,132.31150621288256,0.13231150621288257
24,pri,2016,2016-10-05,BAJO,JACK 1,NA,5,CH,1,1,NA,0,338,2.5,146.07124011642043,0.14607124011642042
24,pri,2016,2016-10-05,BAJO,JACK 1,NA,5,CH,4,4,NA,0,338,2.5,77.3890681557889,0.0773890681557889
24,pri,2016,2016-10-05,ALTO,TRI1,NA,8,CH,6,6,NA,0,277,4,141.76774135543644,0.14176774135543643
24,pri,2016,2016-10-05,ALTO,TRI2,NA,7.8,CH,2,2,NA,0,277,3.9,307.6573821947523,0.3076573821947523
25,ver,2017,2017-01-08,ALTO,LIMS1,NA,7,CH,9,8,NA,1,277,3.5,370.65577179541685,0.37065577179541687
25,ver,2017,2017-01-08,ALTO,LIMS1,NA,7,CH,2,2,NA,0,277,3.5,154.98353737970456,0.15498353737970455
25,ver,2017,2017-01-08,ALTO,LIMS2,NA,6.8,CH,1,1,NA,0,277,3.4,0,0
25,ver,2017,2017-01-08,BAJO,JACK 1,NA,5,CH,21,1,NA,20,338,2.5,102.76213338349906,0.10276213338349906
25,ver,2017,2017-01-08,BAJO,JACK 1,NA,5,CH,22,2,NA,20,338,2.5,221.30457957355156,0.22130457957355157
25,ver,2017,2017-01-08,BAJO,JACK 2,NA,4.8,CH,7,7,NA,0,338,2.4,98.46324294460935,0.09846324294460934
25,ver,2017,2017-01-08,ALTO,TRI1,NA,8,CH,1,1,NA,0,277,4,42.81554280844516,0.042815542808445156
25,ver,2017,2017-01-08,ALTO,TRI1,NA,8,CH,3,3,NA,0,277,4,352.8304721427982,0.3528304721427982
25,ver,2017,2017-01-08,ALTO,TRI2,NA,7.8,CH,3,3,NA,0,277,3.9,74.7768333056197,0.0747768333056197
25,ver,2017,2017-01-08,ALTO,TRI2,NA,7.8,CH,2,2,NA,0,277,3.9,107.72753958586006,0.10772753958586005
25,ver,2017,2017-01-09,ALTO,COML,NA,6.8,CH,2,2,NA,0,277,3.4,217.3669573004296,0.2173669573004296
25,ver,2017,2017-01-09,ALTO,COML,NA,6.8,CH,12,8,NA,4,277,3.4,330.7382535688326,0.3307382535688326
25,ver,2017,2017-01-09,ALTO,LAG3,NA,6,CH,4,4,NA,0,277,3,134.09949954008368,0.13409949954008368
25,ver,2017,2017-01-09,BAJO,RP63B1,NA,7.2,CH,1,1,NA,0,338,3.6,5.132150657868232,0.005132150657868232
25,ver,2017,2017-01-09,BAJO,RP63B2,NA,7.2,CH,1,1,NA,0,338,3.6,44.18434305200072,0.04418434305200072
25,ver,2017,2017-01-09,ALTO,RPT1 A,NA,6.2,CH,5,5,NA,0,277,3.1,61.491573343426566,0.061491573343426566
25,ver,2017,2017-01-09,ALTO,RPT1 A,NA,6.2,CH,11,11,NA,0,277,3.1,47.64971056472814,0.04764971056472814
25,ver,2017,2017-01-15,ALTO,LIMS1,NA,7,CH,1,1,NA,0,277,3.5,178.82715851504372,0.17882715851504372
25,ver,2017,2017-01-15,ALTO,LIMS1,NA,7,CH,7,7,NA,0,277,3.5,156.2767312508248,0.1562767312508248
25,ver,2017,2017-01-15,ALTO,LIMS1,NA,7,CH,4,4,NA,0,277,3.5,136.94178760914414,0.13694178760914413
25,ver,2017,2017-01-15,BAJO,JACK 1,NA,5,CH,1,1,NA,0,338,2.5,221.51348258438165,0.22151348258438164
25,ver,2017,2017-01-15,BAJO,JACK 1,NA,5,CH,29,5,NA,24,338,2.5,62.51069250032993,0.06251069250032994
25,ver,2017,2017-01-15,BAJO,JACK 1,NA,5,CH,5,5,NA,0,338,2.5,156.72488837917516,0.15672488837917514
25,ver,2017,2017-01-15,ALTO,TRI1,NA,8,CH,9,9,NA,0,277,4,122.52782716644379,0.12252782716644378
25,ver,2017,2017-01-15,ALTO,TRI1,NA,8,CH,2,2,NA,0,277,4,124.59639973082014,0.12459639973082014
25,ver,2017,2017-01-15,ALTO,TRI2,NA,7.8,CH,6,6,NA,0,277,3.9,10.191084757528523,0.010191084757528524
25,ver,2017,2017-01-15,ALTO,RP63A1,NA,4.4,CH,2,2,NA,0,277,2.2,82.24769305125132,0.08224769305125132
25,ver,2017,2017-01-18,ALTO,COML,NA,6.8,CH,11,11,NA,0,277,3.4,25.814417695063128,0.025814417695063128
25,ver,2017,2017-01-18,ALTO,COML,NA,6.8,CH,5,5,NA,0,277,3.4,84.38608860357395,0.08438608860357395
26,oto,2017,2017-04-01,ALTO,LIMS1,NA,7,CH,3,3,NA,0,277,3.5,95.96007718584552,0.09596007718584552
26,oto,2017,2017-04-01,ALTO,LIMS2,NA,6.8,CH,3,3,NA,0,277,3.4,249.93895997528736,0.24993895997528737
26,oto,2017,2017-04-01,BAJO,JACK 1,NA,5,CH,3,3,NA,0,338,2.5,248.98396927140118,0.24898396927140118
26,oto,2017,2017-04-01,ALTO,ANT2,NA,6.2,CH,2,2,NA,0,277,3.1,278.07855945305124,0.27807855945305127
26,oto,2017,2017-04-02,ALTO,TRI1,NA,8,CH,6,6,NA,0,277,4,120.68954958607532,0.12068954958607532
26,oto,2017,2017-04-02,ALTO,TRI1,NA,8,CH,3,3,NA,0,277,4,201.14924931012553,0.20114924931012554
26,oto,2017,2017-04-02,ALTO,TRI2,NA,7.8,CH,5,5,NA,0,277,3.9,169.859366084106,0.169859366084106
26,oto,2017,2017-04-02,BAJO,RP63B1,NA,7.2,CH,1,1,NA,0,338,3.6,205.61923262812832,0.2056192326281283
26,oto,2017,2017-04-02,BAJO,RP63B2,NA,7.2,CH,2,2,NA,0,338,3.6,121.97021246794023,0.12197021246794022
26,oto,2017,2017-04-02,ALTO,LAG1,NA,7,CH,2,2,NA,0,277,3.5,196.67926599212274,0.19667926599212274
26,oto,2017,2017-04-02,ALTO,LAG2,NA,7.2,CH,5,5,NA,0,277,3.6,231.54513587254448,0.23154513587254447
26,oto,2017,2017-04-02,ALTO,RPT1 A,NA,6.2,CH,4,4,NA,0,277,3.1,0,0
26,oto,2017,2017-04-15,ALTO,TRI1,NA,8,CH,8,8,NA,0,277,4,52.09127493709113,0.05209127493709113
26,oto,2017,2017-04-15,ALTO,TRI2,NA,7.8,CH,6,6,NA,0,277,3.9,157.92751607911757,0.15792751607911756
26,oto,2017,2017-04-15,ALTO,TRI2,NA,7.8,CH,3,3,NA,0,277,3.9,30.279902793048365,0.030279902793048364
26,oto,2017,2017-04-15,BAJO,RP63B1,NA,7.2,CH,3,3,NA,0,338,3.6,0,0
26,oto,2017,2017-04-15,BAJO,RP63B2,NA,7.2,CH,1,1,NA,0,338,3.6,23.238064934199905,0.023238064934199904
26,oto,2017,2017-04-15,BAJO,RP63B2,NA,7.2,CH,2,2,NA,0,338,3.6,160.02540278449985,0.16002540278449984
26,oto,2017,2017-04-15,ALTO,RPT1 A,NA,6.2,CH,2,2,NA,0,277,3.1,23.299166740159542,0.02329916674015954
26,oto,2017,2017-04-15,ALTO,RPT1 A,NA,6.2,CH,3,3,NA,0,277,3.1,259.9365183742989,0.2599365183742989
26,oto,2017,2017-04-15,ALTO,RPT1 A,NA,6.2,CH,2,0,NA,2,277,3.1,123.37153957687698,0.12337153957687698
26,oto,2017,2017-04-16,ALTO,ANT2,NA,6.2,CH,17,17,NA,0,277,3.1,24.99852439891202,0.024998524398912023
26,oto,2017,2017-04-16,ALTO,LIMS1,NA,7,CH,2,2,NA,0,277,3.5,0,0
26,oto,2017,2017-04-16,ALTO,LIMS1,NA,7,CH,5,5,NA,0,277,3.5,254.9377391747931,0.2549377391747931
27,oto,2018,2018-03-28,ALTO,RPT1 A,NA,6.2,CH,5,5,NA,0,277,3.1,288.35879310550797,0.288358793105508
27,oto,2018,2018-03-28,ALTO,RPT1 A,NA,6.2,CH,3,3,NA,0,277,3.1,160.15381542409477,0.16015381542409476
27,oto,2018,2018-03-28,ALTO,LAG1,NA,7,CH,4,NA,NA,NA,277,3.5,0,0
27,oto,2018,2018-03-28,ALTO,LIMS1,NA,7,CH,2,NA,NA,NA,277,3.5,149.0832980885063,0.1490832980885063
27,oto,2018,2018-03-28,ALTO,LIMS1,NA,7,CH,3,NA,NA,NA,277,3.5,4.556995842762309,0.004556995842762309
27,oto,2018,2018-03-28,ALTO,LIMS1,NA,7,CH,2,NA,NA,NA,277,3.5,10.999892272057739,0.010999892272057738
27,oto,2018,2018-03-28,ALTO,LIMS2,NA,6.8,CH,2,2,NA,0,277,3.4,92.48358885119286,0.09248358885119286
27,oto,2018,2018-03-28,ALTO,TRI1,NA,8,CH,13,NA,NA,NA,277,4,63.90616755093394,0.06390616755093394
27,oto,2018,2018-03-28,ALTO,TRI1,NA,8,CH,3,NA,NA,NA,277,4,51.37454847284165,0.051374548472841654
27,oto,2018,2018-04-09,ALTO,ANT2,NA,6.2,CH,1,1,NA,0,277,3.1,160.4080529808838,0.16040805298088381
27,oto,2018,2018-04-09,ALTO,TRI1,NA,8,CH,5,NA,NA,NA,277,4,89.97802559110345,0.08997802559110345
27,oto,2018,2018-04-09,ALTO,TRI1,NA,8,CH,1,NA,NA,NA,277,4,74.78573511869354,0.07478573511869353
27,oto,2018,2018-04-09,ALTO,TRI2,NA,7.8,CH,4,NA,NA,NA,277,3.9,94.49129254168717,0.09449129254168717
27,oto,2018,2018-04-09,ALTO,LIMS1,NA,7,CH,7,NA,NA,NA,277,3.5,240.94115741617702,0.24094115741617703
27,oto,2018,2018-04-09,BAJO,JACK 1,NA,5,CH,2,NA,NA,NA,338,2.5,104.04971842600841,0.10404971842600841
28,pri,2018,2018-09-24,ALTO,RPT1 A,NA,6.2,CH,6,6,NA,0,277,3.1,670.601844431414,0.6706018444314139
28,pri,2018,2018-09-25,ALTO,LAG2,NA,7.2,CH,4,4,NA,0,277,3.6,210.700679812667,0.210700679812667
28,pri,2018,2018-09-25,ALTO,ANT1,NA,6.6,CH,6,6,NA,0,277,3.3,107.89279652596724,0.10789279652596724
28,pri,2018,2018-09-25,ALTO,ANT2,NA,6.2,CH,6,6,NA,0,277,3.1,237.12758978228683,0.23712758978228685
28,pri,2018,2018-09-25,ALTO,LIMS1,NA,7,CH,2,2,NA,0,277,3.5,107.89516787728179,0.10789516787728179
28,pri,2018,2018-09-25,ALTO,LIMS1,NA,7,CH,4,4,NA,0,277,3.5,96.119597701836,0.096119597701836
28,pri,2018,2018-10-12,ALTO,LAG2,NA,7.2,CH,2,2,NA,0,277,3.6,92.48358885119286,0.09248358885119286
29,ver,2018,2018-12-13,ALTO,RPT1 A,NA,6.2,CH,2,2,NA,0,277,3.1,850.8876886558596,0.8508876886558596
29,ver,2018,2018-12-13,ALTO,COML,NA,6.8,CH,1,1,NA,0,277,3.4,19.541100058304465,0.019541100058304464
29,ver,2018,2018-12-13,ALTO,LAG2,NA,7.2,CH,6,6,NA,0,277,3.6,315.1820880856229,0.3151820880856229
29,ver,2018,2018-12-13,ALTO,LAG2,NA,7.2,CH,1,1,NA,0,277,3.6,18.665809717968724,0.018665809717968725
29,ver,2018,2018-12-13,ALTO,ANT1,NA,6.6,CH,2,2,NA,0,277,3.3,56.6201754410675,0.056620175441067504
29,ver,2018,2018-12-13,ALTO,ANT2,NA,6.2,CH,1,1,NA,0,277,3.1,44.46142308417878,0.04446142308417878
29,ver,2018,2018-12-13,ALTO,LIMS2,NA,6.8,CH,1,1,NA,0,277,3.4,93.06759249826331,0.09306759249826331
29,ver,2018,2018-12-22,ALTO,COML,NA,6.8,CH,2,2,NA,0,277,3.4,29.263983307314863,0.02926398330731486
29,ver,2018,2018-12-22,ALTO,COML,NA,6.8,CH,17,17,NA,0,277,3.4,206.14850463152916,0.20614850463152917
29,ver,2018,2018-12-22,ALTO,LAG2,NA,7.2,CH,6,6,NA,0,277,3.6,194.66336348324447,0.19466336348324448
29,ver,2018,2018-12-22,ALTO,LAG2,NA,7.2,CH,10,10,NA,0,277,3.6,0,0
29,ver,2018,2018-12-22,ALTO,ANT1,NA,6.6,CH,2,2,NA,0,277,3.3,45.91559939818753,0.04591559939818753
29,ver,2018,2018-12-22,ALTO,ANT1,NA,6.6,CH,15,15,NA,0,277,3.3,182.94085306100982,0.18294085306100982
29,ver,2018,2018-12-22,ALTO,ANT2,NA,6.2,CH,2,2,NA,0,277,3.1,201.93111469505885,0.20193111469505884
29,ver,2018,2018-12-22,ALTO,TRI2,NA,7.8,CH,18,1,NA,17,277,3.9,86.79054424289768,0.08679054424289769
29,ver,2018,2018-12-22,ALTO,LIMS1,NA,7,CH,8,8,NA,0,277,3.5,245.8939773039462,0.2458939773039462
29,ver,2018,2018-12-22,ALTO,LIMS2,NA,6.8,CH,2,2,NA,0,277,3.4,292.9284610910368,0.2929284610910368
29,ver,2018,2018-12-23,ALTO,RP63A1,NA,4.4,CH,2,2,NA,0,277,2.2,48.77330551219144,0.048773305512191445
29,ver,2018,2018-12-23,BAJO,RP63B2,NA,7.2,CH,12,1,NA,11,338,3.6,96.94540885235762,0.09694540885235761
29,ver,2018,2018-12-23,BAJO,RP63B5,NA,5.8,CH,1,1,NA,0,338,2.9,0,0
30,oto,2019,2019-03-25,ALTO,RPT1 A,NA,6.2,CH,2,2,NA,0,277,3.1,110.65954189840052,0.11065954189840052
30,oto,2019,2019-03-25,ALTO,COML,NA,6.8,CH,2,2,NA,0,277,3.4,8.839871248753148,0.00883987124875315
30,oto,2019,2019-03-25,ALTO,TRI1,NA,8,CH,4,4,NA,0,277,4,249.61290876058186,0.24961290876058187
30,oto,2019,2019-03-25,ALTO,TRI1,NA,8,CH,3,3,NA,0,277,4,133.18107962573228,0.13318107962573228
30,oto,2019,2019-03-25,ALTO,TRI1,NA,8,CH,3,3,NA,0,277,4,95.71053502609604,0.09571053502609604
30,oto,2019,2019-03-25,ALTO,TRI1,NA,8,CH,2,2,NA,0,277,4,140.830187001351,0.140830187001351
30,oto,2019,2019-03-25,ALTO,TRI2,NA,7.8,CH,5,5,NA,0,277,3.9,99.36826247932264,0.09936826247932264
30,oto,2019,2019-03-25,ALTO,TRI2,NA,7.8,CH,3,3,NA,0,277,3.9,48.38771988862084,0.048387719888620846
30,oto,2019,2019-03-25,ALTO,TRI2,NA,7.8,CH,4,4,NA,0,277,3.9,25.350616291854443,0.025350616291854443
30,oto,2019,2019-03-25,ALTO,TRI2,NA,7.8,CH,7,7,NA,0,277,3.9,255.57381404441665,0.25557381404441665
30,oto,2019,2019-03-25,BAJO,JACK 2,NA,4.8,CH,8,8,NA,0,338,2.4,0,0
30,oto,2019,2019-03-25,ALTO,LIMS1,NA,7,CH,3,3,NA,0,277,3.5,144.165594385683,0.144165594385683
30,oto,2019,2019-03-25,ALTO,LIMS1,NA,7,CH,3,3,NA,0,277,3.5,61.226226216076576,0.061226226216076575
30,oto,2019,2019-03-25,ALTO,LIMS2,NA,6.8,CH,1,1,NA,0,277,3.4,0.00880215118097076,8.80215118097076e-6
30,oto,2019,2019-03-26,ALTO,RP63A1,NA,4.4,CH,6,6,NA,0,277,2.2,39.09385320188539,0.03909385320188539
30,oto,2019,2019-04-10,ALTO,RPT1 A,NA,6.2,CH,3,3,NA,0,277,3.1,49.98775866793099,0.04998775866793099
30,oto,2019,2019-04-10,BAJO,RPT1 B,NA,5,CH,3,3,NA,0,338,2.5,13.238162920545193,0.013238162920545193
30,oto,2019,2019-04-10,ALTO,LAG3,NA,6,CH,2,2,NA,0,277,3,51.43117260488612,0.051431172604886125
30,oto,2019,2019-04-10,ALTO,ANT2,NA,6.2,CH,2,2,NA,0,277,3.1,69.5807988968115,0.0695807988968115
30,oto,2019,2019-04-10,ALTO,TRI1,NA,8,CH,6,6,NA,0,277,4,89.44967933277535,0.08944967933277535
30,oto,2019,2019-04-10,ALTO,TRI1,NA,8,CH,4,4,NA,0,277,4,136.94178760914414,0.13694178760914413
30,oto,2019,2019-04-10,ALTO,TRI2,NA,7.8,CH,9,9,NA,0,277,3.9,176.25169556853567,0.17625169556853568
30,oto,2019,2019-04-11,BAJO,JACK 1,NA,5,CH,6,6,NA,0,338,2.5,0,0
30,oto,2019,2019-04-11,ALTO,LIMS1,NA,7,CH,2,2,NA,0,277,3.5,26.518524035892852,0.026518524035892853
30,oto,2019,2019-04-11,ALTO,LIMS1,NA,7,CH,7,7,NA,0,277,3.5,277.17157315565504,0.27717157315565505
30,oto,2019,2019-04-11,ALTO,LIMS2,NA,6.8,CH,4,4,NA,0,277,3.4,0,0
31,pri,2019,2019-09-24,ALTO,RPT1 A,NA,6.2,CH,6,6,NA,0,277,3.1,236.95237812925723,0.23695237812925724
31,pri,2019,2019-09-24,ALTO,RPT1 A,NA,6.2,CH,1,1,NA,0,277,3.1,142.33315247917147,0.14233315247917147
31,pri,2019,2019-09-24,BAJO,RPT1 B,NA,5,CH,1,1,NA,0,338,2.5,125.15280521677403,0.12515280521677402
31,pri,2019,2019-09-24,BAJO,RPT1 B,NA,5,CH,4,4,NA,0,338,2.5,49.169816498030684,0.049169816498030684
31,pri,2019,2019-09-24,ALTO,ANT2,NA,6.2,CH,2,2,NA,0,277,3.1,0,0
31,pri,2019,2019-09-24,ALTO,TRI1,NA,8,CH,3,3,NA,0,277,4,143.06836283576155,0.14306836283576155
31,pri,2019,2019-09-24,ALTO,TRI2,NA,7.8,CH,1,1,NA,0,277,3.9,207.40270265751428,0.2074027026575143
31,pri,2019,2019-09-24,ALTO,LIMS2,NA,6.8,CH,4,4,NA,0,277,3.4,187.73929935611716,0.18773929935611716
31,pri,2019,2019-09-24,ALTO,LIMS2,NA,6.8,CH,5,5,NA,0,277,3.4,143.0633248345657,0.14306332483456569
31,pri,2019,2019-09-25,BAJO,RP63B3,NA,7.8,CH,1,1,NA,0,338,3.9,44.34135027596396,0.04434135027596396
31,pri,2019,2019-10-03,BAJO,RPT1 B,NA,5,CH,7,7,NA,0,338,2.5,266.6274034666465,0.26662740346664654
31,pri,2019,2019-10-03,BAJO,RPT1 B,NA,5,CH,1,1,NA,0,338,2.5,286.0789323521785,0.2860789323521785
31,pri,2019,2019-10-03,ALTO,LAG1,NA,7,CH,1,1,NA,0,277,3.5,191.952993284855,0.19195299328485502
31,pri,2019,2019-10-03,ALTO,ANT2,NA,6.2,CH,8,8,NA,0,277,3.1,119.79555292247476,0.11979555292247475
31,pri,2019,2019-10-03,ALTO,TRI1,NA,8,CH,2,2,NA,0,277,4,210.0892159461311,0.2100892159461311
31,pri,2019,2019-10-03,ALTO,TRI2,NA,7.8,CH,6,6,NA,0,277,3.9,267.61416843509437,0.2676141684350944
31,pri,2019,2019-10-03,ALTO,TRI2,NA,7.8,CH,3,3,NA,0,277,3.9,255.2663065967579,0.25526630659675786
31,pri,2019,2019-10-03,ALTO,TRI2,NA,7.8,CH,4,4,NA,0,277,3.9,278.2454525226567,0.2782454525226567
31,pri,2019,2019-10-03,BAJO,JACK 1,NA,5,CH,4,4,NA,0,338,2.5,129.33492867569066,0.12933492867569066
32,ver,2019,2019-12-17,ALTO,COML,NA,6.8,CH,7,NA,NA,NA,277,3.4,163.41719988024536,0.16341719988024536
32,ver,2019,2019-12-17,ALTO,ANT1,NA,6.6,CH,1,NA,NA,NA,277,3.3,20.386770897639597,0.020386770897639597
32,ver,2019,2019-12-17,ALTO,ANT1,NA,6.6,CH,1,NA,NA,NA,277,3.3,36.9696487589544,0.0369696487589544
32,ver,2019,2019-12-17,ALTO,ANT2,NA,6.2,CH,6,6,NA,0,277,3.1,0,0
32,ver,2019,2019-12-17,ALTO,TRI2,NA,7.8,CH,8,8,NA,0,277,3.9,111.46836171396951,0.11146836171396951
32,ver,2019,2019-12-17,ALTO,TRI2,NA,7.8,CH,21,20,NA,1,277,3.9,18.798191347174175,0.018798191347174174
32,ver,2019,2019-12-17,BAJO,JACK 1,NA,5,CH,3,3,NA,0,338,2.5,291.928510620717,0.291928510620717
32,ver,2019,2019-12-17,BAJO,JACK 1,NA,5,CH,2,2,NA,0,338,2.5,66.20443310066875,0.06620443310066876
32,ver,2019,2019-12-17,BAJO,JACK 1,NA,5,CH,8,1,NA,7,338,2.5,129.6295162220809,0.12962951622208088
32,ver,2019,2019-12-17,ALTO,LIMS1,NA,7,CH,4,4,NA,0,277,3.5,309.25389834106574,0.30925389834106576
32,ver,2019,2019-12-17,ALTO,LIMS2,NA,6.8,CH,14,9,NA,5,277,3.4,128.4864322046519,0.1284864322046519
32,ver,2019,2019-12-18,ALTO,RP63A1,NA,4.4,CH,6,6,NA,0,277,2.2,220.33105217270818,0.22033105217270818
32,ver,2019,2019-12-18,ALTO,RP63A1,NA,4.4,CH,4,1,NA,3,277,2.2,24.925611101873233,0.024925611101873232
32,ver,2019,2019-12-18,BAJO,RP63B2,NA,7.2,CH,8,1,NA,7,338,3.6,190.53433716603524,0.19053433716603524
32,ver,2019,2019-12-18,BAJO,RP63B5,NA,5.8,CH,3,3,NA,0,338,2.9,217.19613861247703,0.21719613861247702
32,ver,2019,2019-12-29,ALTO,LAG3,NA,6,CH,1,1,NA,0,277,3,82.1650725654865,0.0821650725654865
32,ver,2019,2019-12-29,BAJO,CHACRA,NA,4,CH,3,1,NA,2,338,2,0,0
32,ver,2019,2019-12-29,ALTO,ANT2,NA,6.2,CH,1,1,NA,0,277,3.1,72.52036169506592,0.07252036169506591
32,ver,2019,2019-12-29,ALTO,ANT2,NA,6.2,CH,1,1,NA,0,277,3.1,286.339552176419,0.286339552176419
32,ver,2019,2019-12-29,ALTO,TRI1,NA,8,CH,2,2,NA,0,277,4,117.63138359679914,0.11763138359679914
32,ver,2019,2019-12-29,ALTO,TRI2,NA,7.8,CH,3,3,NA,0,277,3.9,29.871440868017235,0.029871440868017234
32,ver,2019,2019-12-29,ALTO,TRI2,NA,7.8,CH,8,8,NA,0,277,3.9,195.9521446206253,0.1959521446206253
32,ver,2019,2019-12-29,BAJO,JACK 1,NA,5,CH,1,1,NA,0,338,2.5,6.6364017127606445,0.006636401712760645
32,ver,2019,2019-12-29,BAJO,JACK 2,NA,4.8,CH,14,4,NA,10,338,2.4,109.25220434730882,0.10925220434730881
32,ver,2019,2019-12-30,ALTO,RP63A1,NA,4.4,CH,6,6,NA,0,277,2.2,22.826612272241803,0.0228266122722418
32,ver,2019,2019-12-30,BAJO,RP63B3,NA,7.8,CH,3,1,NA,2,338,3.9,0,0
32,ver,2019,2019-12-30,BAJO,RP63B3,NA,7.8,CH,1,1,NA,0,338,3.9,0,0
33,oto,2020,2020-04-01,BAJO,RPT1 B,NA,5,CH,4,NA,NA,NA,338,2.5,1000.7555957410506,1.0007555957410506
33,oto,2020,2020-04-01,ALTO,COML,NA,6.8,CH,3,NA,NA,NA,277,3.4,17.579115198163226,0.017579115198163225
33,oto,2020,2020-04-01,ALTO,LAG1,NA,7,CH,2,NA,NA,NA,277,3.5,69.29552392457944,0.06929552392457944
33,oto,2020,2020-04-01,ALTO,LAG2,NA,7.2,CH,1,NA,NA,NA,277,3.6,67.05833664248767,0.06705833664248767
33,oto,2020,2020-04-01,ALTO,TRI1,NA,8,CH,2,NA,NA,NA,277,4,77.07288050930718,0.07707288050930718
33,oto,2020,2020-04-01,ALTO,TRI2,NA,7.8,CH,2,NA,NA,NA,277,3.9,100.42397758003904,0.10042397758003904
33,oto,2020,2020-04-01,ALTO,TRI2,NA,7.8,CH,2,NA,NA,NA,277,3.9,222.63105847883605,0.22263105847883605
33,oto,2020,2020-04-01,ALTO,TRI2,NA,7.8,CH,1,NA,NA,NA,277,3.9,191.3071170684382,0.1913071170684382
33,oto,2020,2020-04-01,BAJO,JACK 1,NA,5,CH,2,NA,NA,NA,338,2.5,59.57173314245337,0.05957173314245337
33,oto,2020,2020-04-01,BAJO,JACK 2,NA,4.8,CH,10,NA,NA,NA,338,2.4,59.83953991108855,0.05983953991108855
33,oto,2020,2020-04-01,ALTO,LIMS1,NA,7,CH,3,3,NA,0,277,3.5,232.06024202177275,0.23206024202177275
33,oto,2020,2020-04-02,ALTO,RP63A1,NA,4.4,CH,1,NA,NA,NA,277,2.2,18.288637266133,0.018288637266133
33,oto,2020,2020-04-02,BAJO,RP63B2,NA,7.2,CH,12,NA,NA,NA,338,3.6,66.18967500020383,0.06618967500020384
33,oto,2020,2020-04-02,BAJO,RP63B2,NA,7.2,CH,4,NA,NA,NA,338,3.6,160.06187629957554,0.16006187629957555
33,oto,2020,2020-04-02,BAJO,RP63B4,NA,6.2,CH,1,NA,NA,NA,338,3.1,0,0
33,oto,2020,2020-04-08,ALTO,COML,NA,6.8,CH,5,NA,NA,NA,277,3.4,54.8038947948098,0.0548038947948098
33,oto,2020,2020-04-08,ALTO,COML,NA,6.8,CH,1,NA,NA,NA,277,3.4,32.78497906109135,0.032784979061091346
33,oto,2020,2020-04-08,ALTO,LAG2,NA,7.2,CH,4,NA,NA,NA,277,3.6,12.841018032928838,0.012841018032928838
33,oto,2020,2020-04-08,ALTO,LAG2,NA,7.2,CH,2,NA,NA,NA,277,3.6,167.96537609578652,0.16796537609578652
33,oto,2020,2020-04-08,ALTO,ANT1,NA,6.6,CH,8,NA,NA,NA,277,3.3,53.786845009305395,0.053786845009305397
33,oto,2020,2020-04-08,ALTO,ANT1,NA,6.6,CH,12,NA,NA,NA,277,3.3,21.445823931283215,0.021445823931283216
33,oto,2020,2020-04-08,ALTO,ANT2,NA,6.2,CH,8,NA,NA,NA,277,3.1,0,0
33,oto,2020,2020-04-08,ALTO,TRI1,NA,8,CH,2,NA,NA,NA,277,4,78.55033522259774,0.07855033522259774
33,oto,2020,2020-04-08,BAJO,JACK 1,NA,5,CH,4,NA,NA,NA,338,2.5,558.063570112057,0.5580635701120571
33,oto,2020,2020-04-08,BAJO,JACK 2,NA,4.8,CH,7,NA,NA,NA,338,2.4,122.52782716644379,0.12252782716644378
33,oto,2020,2020-04-08,ALTO,LIMS2,NA,6.8,CH,2,NA,NA,NA,277,3.4,330.14442319847353,0.33014442319847354
33,oto,2020,2020-04-09,ALTO,RP63A1,NA,4.4,CH,1,NA,NA,NA,277,2.2,130.0621480325105,0.13006214803251048
33,oto,2020,2020-04-09,BAJO,RP63B4,NA,6.2,CH,6,NA,NA,NA,338,3.1,52.23496222630309,0.05223496222630309
34,ver,2021,2021-01-15,BAJO,CHACRA,NA,4,CH,2,2,NA,0,338,2,25.28489117824132,0.02528489117824132
34,ver,2021,2021-01-15,ALTO,TRI1,NA,8,CH,5,5,NA,0,277,4,37.79651701667487,0.03779651701667487
34,ver,2021,2021-01-15,ALTO,TRI2,NA,7.8,CH,3,NA,NA,NA,277,3.9,166.95922526349196,0.16695922526349197
34,ver,2021,2021-01-15,BAJO,JACK 1,NA,5,CH,5,5,NA,0,338,2.5,0,0
34,ver,2021,2021-01-15,BAJO,JACK 1,NA,5,CH,4,4,NA,0,338,2.5,422.87753511174486,0.42287753511174486
34,ver,2021,2021-01-15,BAJO,JACK 2,NA,4.8,CH,6,6,NA,0,338,2.4,21.18106067287231,0.021181060672872308
34,ver,2021,2021-01-15,BAJO,JACK 2,NA,4.8,CH,8,8,NA,0,338,2.4,134.61432321364836,0.13461432321364836
34,ver,2021,2021-01-15,ALTO,LIMS1,NA,7,CH,5,NA,NA,NA,277,3.5,325.0390970665384,0.3250390970665384
34,ver,2021,2021-01-23,ALTO,RPT1 A,NA,6.2,CH,2,2,NA,0,277,3.1,168.6765093201046,0.1686765093201046
34,ver,2021,2021-01-23,ALTO,COML,NA,6.8,CH,2,2,NA,0,277,3.4,159.96093438418393,0.15996093438418393
34,ver,2021,2021-01-23,BAJO,CHACRA,NA,4,CH,37,NA,NA,NA,338,2,88.62817361348148,0.08862817361348148
34,ver,2021,2021-01-23,ALTO,TRI1,NA,8,CH,5,NA,NA,NA,277,4,97.92379996008655,0.09792379996008656
34,ver,2021,2021-01-23,ALTO,TRI2,NA,7.8,CH,1,NA,NA,NA,277,3.9,44.70678962876093,0.04470678962876093
34,ver,2021,2021-01-23,BAJO,JACK 1,NA,5,CH,8,1,NA,7,338,2.5,21.04867904366686,0.02104867904366686
34,ver,2021,2021-01-23,BAJO,JACK 2,NA,4.8,CH,1,1,NA,0,338,2.4,69.58324919739312,0.06958324919739312
34,ver,2021,2021-01-23,BAJO,JACK 2,NA,4.8,CH,2,2,NA,0,338,2.4,65.28253330672437,0.06528253330672437
34,ver,2021,2021-01-23,ALTO,LIMS1,NA,7,CH,2,2,NA,0,277,3.5,0.005305406191270048,5.305406191270048e-6
34,ver,2021,2021-01-24,BAJO,RP63B1,NA,7.2,CH,1,NA,NA,NA,338,3.6,43.82281859787032,0.043822818597870315
35,oto,2021,2021-03-26,ALTO,TRI2,NA,7.8,CH,2,NA,NA,NA,277,3.9,213.66520260053332,0.21366520260053332
35,oto,2021,2021-03-26,ALTO,LIMS1,NA,7,CH,2,2,NA,0,277,3.5,306.28980346878717,0.30628980346878715
35,oto,2021,2021-03-26,ALTO,LIMS1,NA,7,CH,1,1,NA,0,277,3.5,178.68641461773052,0.17868641461773052
35,oto,2021,2021-03-26,ALTO,LIMS2,NA,6.8,CH,2,2,NA,0,277,3.4,266.2388347958133,0.26623883479581334
35,oto,2021,2021-03-26,ALTO,LIMS2,NA,6.8,CH,2,2,NA,0,277,3.4,296.4001310366715,0.2964001310366715
35,oto,2021,2021-04-05,BAJO,RPT1 B,NA,5,CH,3,3,NA,0,338,2.5,260.0272690034507,0.26002726900345075
35,oto,2021,2021-04-05,ALTO,LAG2,NA,7.2,CH,2,NA,NA,NA,277,3.6,63.73045253593015,0.06373045253593015
35,oto,2021,2021-04-05,ALTO,ANT1,NA,6.6,CH,4,4,NA,0,277,3.3,10.175815959566322,0.010175815959566322
35,oto,2021,2021-04-05,ALTO,ANT2,NA,6.2,CH,1,1,NA,0,277,3.1,204.90611913182093,0.20490611913182094
35,oto,2021,2021-04-05,ALTO,TRI1,NA,8,CH,2,2,NA,0,277,4,22.76964022333773,0.02276964022333773
35,oto,2021,2021-04-05,ALTO,TRI1,NA,8,CH,3,3,NA,0,277,4,45.52175181137868,0.04552175181137868
35,oto,2021,2021-04-05,ALTO,TRI1,NA,8,CH,50,50,NA,0,277,4,225.3492138845441,0.2253492138845441
35,oto,2021,2021-04-05,BAJO,JACK 1,NA,5,CH,8,8,NA,0,338,2.5,200.25525264652495,0.20025525264652494
35,oto,2021,2021-04-05,ALTO,LIMS1,NA,7,CH,5,5,NA,0,277,3.5,53.786845009305395,0.053786845009305397
35,oto,2021,2021-04-05,ALTO,LIMS1,NA,7,CH,4,4,NA,0,277,3.5,289.3959718727285,0.28939597187272853
35,oto,2021,2021-04-05,ALTO,LIMS2,NA,6.8,CH,2,2,NA,0,277,3.4,0,0
36,oto,2021,2021-09-22,BAJO,CHACRA,NA,4,CH,1,NA,NA,NA,338,2,0,0
36,oto,2021,2021-09-22,ALTO,TRI2,NA,7.8,CH,1,1,NA,0,277,3.9,12.708636403723386,0.012708636403723385
36,oto,2021,2021-09-22,ALTO,TRI2,NA,7.8,CH,1,1,NA,0,277,3.9,181.085952108773,0.181085952108773
36,oto,2021,2021-09-22,BAJO,JACK 1,NA,5,CH,1,1,NA,0,338,2.5,103.36401106898026,0.10336401106898026
36,oto,2021,2021-09-22,BAJO,JACK 2,NA,4.8,CH,5,5,NA,0,338,2.4,189.8686993580414,0.1898686993580414
36,oto,2021,2021-09-22,ALTO,LIMS1,NA,7,CH,8,8,NA,0,277,3.5,281.6962080870716,0.28169620808707163
36,oto,2021,2021-10-01,ALTO,RPT1 A,NA,6.2,CH,5,5,NA,0,277,3.1,500.41350074041526,0.5004135007404152
22,ver,2015,NA,ALTO,COML,NA,6.8,CH,0,NA,NA,NA,277,3.4,NA,NA
26,oto,2017,NA,ALTO,COML,NA,6.8,CH,0,NA,NA,NA,277,3.4,NA,NA
27,oto,2018,NA,ALTO,COML,NA,6.8,CH,0,NA,NA,NA,277,3.4,NA,NA
28,pri,2018,NA,ALTO,COML,NA,6.8,CH,0,NA,NA,NA,277,3.4,NA,NA
31,pri,2019,NA,ALTO,COML,NA,6.8,CH,0,NA,NA,NA,277,3.4,NA,NA
35,oto,2021,NA,ALTO,COML,NA,6.8,CH,0,NA,NA,NA,277,3.4,NA,NA
36,pri,2021,NA,ALTO,COML,NA,6.8,CH,0,NA,NA,NA,277,3.4,NA,NA
25,ver,2017,NA,ALTO,LAG1,NA,7,CH,0,NA,NA,NA,277,3.5,NA,NA
28,pri,2018,NA,ALTO,LAG1,NA,7,CH,0,NA,NA,NA,277,3.5,NA,NA
29,ver,2018,NA,ALTO,LAG1,NA,7,CH,0,NA,NA,NA,277,3.5,NA,NA
30,oto,2019,NA,ALTO,LAG1,NA,7,CH,0,NA,NA,NA,277,3.5,NA,NA
32,ver,2019,NA,ALTO,LAG1,NA,7,CH,0,NA,NA,NA,277,3.5,NA,NA
34,ver,2021,NA,ALTO,LAG1,NA,7,CH,0,NA,NA,NA,277,3.5,NA,NA
35,oto,2021,NA,ALTO,LAG1,NA,7,CH,0,NA,NA,NA,277,3.5,NA,NA
36,pri,2021,NA,ALTO,LAG1,NA,7,CH,0,NA,NA,NA,277,3.5,NA,NA
23,oto,2016,NA,ALTO,LAG2,NA,7.2,CH,0,NA,NA,NA,277,3.6,NA,NA
25,ver,2017,NA,ALTO,LAG2,NA,7.2,CH,0,NA,NA,NA,277,3.6,NA,NA
27,oto,2018,NA,ALTO,LAG2,NA,7.2,CH,0,NA,NA,NA,277,3.6,NA,NA
30,oto,2019,NA,ALTO,LAG2,NA,7.2,CH,0,NA,NA,NA,277,3.6,NA,NA
31,pri,2019,NA,ALTO,LAG2,NA,7.2,CH,0,NA,NA,NA,277,3.6,NA,NA
32,ver,2019,NA,ALTO,LAG2,NA,7.2,CH,0,NA,NA,NA,277,3.6,NA,NA
34,ver,2021,NA,ALTO,LAG2,NA,7.2,CH,0,NA,NA,NA,277,3.6,NA,NA
36,pri,2021,NA,ALTO,LAG2,NA,7.2,CH,0,NA,NA,NA,277,3.6,NA,NA
21,pri,2015,NA,ALTO,LAG3,NA,6,CH,0,NA,NA,NA,277,3,NA,NA
22,ver,2015,NA,ALTO,LAG3,NA,6,CH,0,NA,NA,NA,277,3,NA,NA
23,oto,2016,NA,ALTO,LAG3,NA,6,CH,0,NA,NA,NA,277,3,NA,NA
24,pri,2016,NA,ALTO,LAG3,NA,6,CH,0,NA,NA,NA,277,3,NA,NA
26,oto,2017,NA,ALTO,LAG3,NA,6,CH,0,NA,NA,NA,277,3,NA,NA
27,oto,2018,NA,ALTO,LAG3,NA,6,CH,0,NA,NA,NA,277,3,NA,NA
28,pri,2018,NA,ALTO,LAG3,NA,6,CH,0,NA,NA,NA,277,3,NA,NA
29,ver,2018,NA,ALTO,LAG3,NA,6,CH,0,NA,NA,NA,277,3,NA,NA
31,pri,2019,NA,ALTO,LAG3,NA,6,CH,0,NA,NA,NA,277,3,NA,NA
33,oto,2020,NA,ALTO,LAG3,NA,6,CH,0,NA,NA,NA,277,3,NA,NA
34,ver,2021,NA,ALTO,LAG3,NA,6,CH,0,NA,NA,NA,277,3,NA,NA
35,oto,2021,NA,ALTO,LAG3,NA,6,CH,0,NA,NA,NA,277,3,NA,NA
36,pri,2021,NA,ALTO,LAG3,NA,6,CH,0,NA,NA,NA,277,3,NA,NA
22,ver,2015,NA,ALTO,ANT1,NA,6.6,CH,0,NA,NA,NA,277,3.3,NA,NA
24,pri,2016,NA,ALTO,ANT1,NA,6.6,CH,0,NA,NA,NA,277,3.3,NA,NA
25,ver,2017,NA,ALTO,ANT1,NA,6.6,CH,0,NA,NA,NA,277,3.3,NA,NA
26,oto,2017,NA,ALTO,ANT1,NA,6.6,CH,0,NA,NA,NA,277,3.3,NA,NA
27,oto,2018,NA,ALTO,ANT1,NA,6.6,CH,0,NA,NA,NA,277,3.3,NA,NA
30,oto,2019,NA,ALTO,ANT1,NA,6.6,CH,0,NA,NA,NA,277,3.3,NA,NA
31,pri,2019,NA,ALTO,ANT1,NA,6.6,CH,0,NA,NA,NA,277,3.3,NA,NA
34,ver,2021,NA,ALTO,ANT1,NA,6.6,CH,0,NA,NA,NA,277,3.3,NA,NA
36,pri,2021,NA,ALTO,ANT1,NA,6.6,CH,0,NA,NA,NA,277,3.3,NA,NA
20,oto,2015,NA,BAJO,CHACRA,NA,4,CH,0,NA,NA,NA,338,2,NA,NA
21,pri,2015,NA,BAJO,CHACRA,NA,4,CH,0,NA,NA,NA,338,2,NA,NA
22,ver,2015,NA,BAJO,CHACRA,NA,4,CH,0,NA,NA,NA,338,2,NA,NA
23,oto,2016,NA,BAJO,CHACRA,NA,4,CH,0,NA,NA,NA,338,2,NA,NA
25,ver,2017,NA,BAJO,CHACRA,NA,4,CH,0,NA,NA,NA,338,2,NA,NA
26,oto,2017,NA,BAJO,CHACRA,NA,4,CH,0,NA,NA,NA,338,2,NA,NA
27,oto,2018,NA,BAJO,CHACRA,NA,4,CH,0,NA,NA,NA,338,2,NA,NA
28,pri,2018,NA,BAJO,CHACRA,NA,4,CH,0,NA,NA,NA,338,2,NA,NA
29,ver,2018,NA,BAJO,CHACRA,NA,4,CH,0,NA,NA,NA,338,2,NA,NA
30,oto,2019,NA,BAJO,CHACRA,NA,4,CH,0,NA,NA,NA,338,2,NA,NA
31,pri,2019,NA,BAJO,CHACRA,NA,4,CH,0,NA,NA,NA,338,2,NA,NA
33,oto,2020,NA,BAJO,CHACRA,NA,4,CH,0,NA,NA,NA,338,2,NA,NA
35,oto,2021,NA,BAJO,CHACRA,NA,4,CH,0,NA,NA,NA,338,2,NA,NA
20,oto,2015,NA,ALTO,ANT2,NA,6.2,CH,0,NA,NA,NA,277,3.1,NA,NA
25,ver,2017,NA,ALTO,ANT2,NA,6.2,CH,0,NA,NA,NA,277,3.1,NA,NA
34,ver,2021,NA,ALTO,ANT2,NA,6.2,CH,0,NA,NA,NA,277,3.1,NA,NA
36,pri,2021,NA,ALTO,ANT2,NA,6.2,CH,0,NA,NA,NA,277,3.1,NA,NA
22,ver,2015,NA,ALTO,TRI1,NA,8,CH,0,NA,NA,NA,277,4,NA,NA
28,pri,2018,NA,ALTO,TRI1,NA,8,CH,0,NA,NA,NA,277,4,NA,NA
29,ver,2018,NA,ALTO,TRI1,NA,8,CH,0,NA,NA,NA,277,4,NA,NA
36,pri,2021,NA,ALTO,TRI1,NA,8,CH,0,NA,NA,NA,277,4,NA,NA
28,pri,2018,NA,ALTO,TRI2,NA,7.8,CH,0,NA,NA,NA,277,3.9,NA,NA
21,pri,2015,NA,ALTO,RP63A1,NA,4.4,CH,0,NA,NA,NA,277,2.2,NA,NA
22,ver,2015,NA,ALTO,RP63A1,NA,4.4,CH,0,NA,NA,NA,277,2.2,NA,NA
24,pri,2016,NA,ALTO,RP63A1,NA,4.4,CH,0,NA,NA,NA,277,2.2,NA,NA
26,oto,2017,NA,ALTO,RP63A1,NA,4.4,CH,0,NA,NA,NA,277,2.2,NA,NA
27,oto,2018,NA,ALTO,RP63A1,NA,4.4,CH,0,NA,NA,NA,277,2.2,NA,NA
28,pri,2018,NA,ALTO,RP63A1,NA,4.4,CH,0,NA,NA,NA,277,2.2,NA,NA
31,pri,2019,NA,ALTO,RP63A1,NA,4.4,CH,0,NA,NA,NA,277,2.2,NA,NA
34,ver,2021,NA,ALTO,RP63A1,NA,4.4,CH,0,NA,NA,NA,277,2.2,NA,NA
35,oto,2021,NA,ALTO,RP63A1,NA,4.4,CH,0,NA,NA,NA,277,2.2,NA,NA
36,pri,2021,NA,ALTO,RP63A1,NA,4.4,CH,0,NA,NA,NA,277,2.2,NA,NA
20,oto,2015,NA,BAJO,RP63B1,NA,7.2,CH,0,NA,NA,NA,338,3.6,NA,NA
21,pri,2015,NA,BAJO,RP63B1,NA,7.2,CH,0,NA,NA,NA,338,3.6,NA,NA
22,ver,2015,NA,BAJO,RP63B1,NA,7.2,CH,0,NA,NA,NA,338,3.6,NA,NA
23,oto,2016,NA,BAJO,RP63B1,NA,7.2,CH,0,NA,NA,NA,338,3.6,NA,NA
27,oto,2018,NA,BAJO,RP63B1,NA,7.2,CH,0,NA,NA,NA,338,3.6,NA,NA
28,pri,2018,NA,BAJO,RP63B1,NA,7.2,CH,0,NA,NA,NA,338,3.6,NA,NA
29,ver,2018,NA,BAJO,RP63B1,NA,7.2,CH,0,NA,NA,NA,338,3.6,NA,NA
30,oto,2019,NA,BAJO,RP63B1,NA,7.2,CH,0,NA,NA,NA,338,3.6,NA,NA
31,pri,2019,NA,BAJO,RP63B1,NA,7.2,CH,0,NA,NA,NA,338,3.6,NA,NA
32,ver,2019,NA,BAJO,RP63B1,NA,7.2,CH,0,NA,NA,NA,338,3.6,NA,NA
33,oto,2020,NA,BAJO,RP63B1,NA,7.2,CH,0,NA,NA,NA,338,3.6,NA,NA
35,oto,2021,NA,BAJO,RP63B1,NA,7.2,CH,0,NA,NA,NA,338,3.6,NA,NA
36,pri,2021,NA,BAJO,RP63B1,NA,7.2,CH,0,NA,NA,NA,338,3.6,NA,NA
20,oto,2015,NA,BAJO,RP63B2,NA,7.2,CH,0,NA,NA,NA,338,3.6,NA,NA
21,pri,2015,NA,BAJO,RP63B2,NA,7.2,CH,0,NA,NA,NA,338,3.6,NA,NA
22,ver,2015,NA,BAJO,RP63B2,NA,7.2,CH,0,NA,NA,NA,338,3.6,NA,NA
23,oto,2016,NA,BAJO,RP63B2,NA,7.2,CH,0,NA,NA,NA,338,3.6,NA,NA
24,pri,2016,NA,BAJO,RP63B2,NA,7.2,CH,0,NA,NA,NA,338,3.6,NA,NA
27,oto,2018,NA,BAJO,RP63B2,NA,7.2,CH,0,NA,NA,NA,338,3.6,NA,NA
28,pri,2018,NA,BAJO,RP63B2,NA,7.2,CH,0,NA,NA,NA,338,3.6,NA,NA
30,oto,2019,NA,BAJO,RP63B2,NA,7.2,CH,0,NA,NA,NA,338,3.6,NA,NA
31,pri,2019,NA,BAJO,RP63B2,NA,7.2,CH,0,NA,NA,NA,338,3.6,NA,NA
34,ver,2021,NA,BAJO,RP63B2,NA,7.2,CH,0,NA,NA,NA,338,3.6,NA,NA
35,oto,2021,NA,BAJO,RP63B2,NA,7.2,CH,0,NA,NA,NA,338,3.6,NA,NA
36,pri,2021,NA,BAJO,RP63B2,NA,7.2,CH,0,NA,NA,NA,338,3.6,NA,NA
20,oto,2015,NA,BAJO,RP63B4,NA,6.2,CH,0,NA,NA,NA,338,3.1,NA,NA
21,pri,2015,NA,BAJO,RP63B4,NA,6.2,CH,0,NA,NA,NA,338,3.1,NA,NA
22,ver,2015,NA,BAJO,RP63B4,NA,6.2,CH,0,NA,NA,NA,338,3.1,NA,NA
25,ver,2017,NA,BAJO,RP63B4,NA,6.2,CH,0,NA,NA,NA,338,3.1,NA,NA
26,oto,2017,NA,BAJO,RP63B4,NA,6.2,CH,0,NA,NA,NA,338,3.1,NA,NA
27,oto,2018,NA,BAJO,RP63B4,NA,6.2,CH,0,NA,NA,NA,338,3.1,NA,NA
28,pri,2018,NA,BAJO,RP63B4,NA,6.2,CH,0,NA,NA,NA,338,3.1,NA,NA
29,ver,2018,NA,BAJO,RP63B4,NA,6.2,CH,0,NA,NA,NA,338,3.1,NA,NA
30,oto,2019,NA,BAJO,RP63B4,NA,6.2,CH,0,NA,NA,NA,338,3.1,NA,NA
31,pri,2019,NA,BAJO,RP63B4,NA,6.2,CH,0,NA,NA,NA,338,3.1,NA,NA
32,ver,2019,NA,BAJO,RP63B4,NA,6.2,CH,0,NA,NA,NA,338,3.1,NA,NA
34,ver,2021,NA,BAJO,RP63B4,NA,6.2,CH,0,NA,NA,NA,338,3.1,NA,NA
35,oto,2021,NA,BAJO,RP63B4,NA,6.2,CH,0,NA,NA,NA,338,3.1,NA,NA
36,pri,2021,NA,BAJO,RP63B4,NA,6.2,CH,0,NA,NA,NA,338,3.1,NA,NA
20,oto,2015,NA,BAJO,RP63B5,NA,5.8,CH,0,NA,NA,NA,338,2.9,NA,NA
21,pri,2015,NA,BAJO,RP63B5,NA,5.8,CH,0,NA,NA,NA,338,2.9,NA,NA
22,ver,2015,NA,BAJO,RP63B5,NA,5.8,CH,0,NA,NA,NA,338,2.9,NA,NA
24,pri,2016,NA,BAJO,RP63B5,NA,5.8,CH,0,NA,NA,NA,338,2.9,NA,NA
25,ver,2017,NA,BAJO,RP63B5,NA,5.8,CH,0,NA,NA,NA,338,2.9,NA,NA
26,oto,2017,NA,BAJO,RP63B5,NA,5.8,CH,0,NA,NA,NA,338,2.9,NA,NA
27,oto,2018,NA,BAJO,RP63B5,NA,5.8,CH,0,NA,NA,NA,338,2.9,NA,NA
28,pri,2018,NA,BAJO,RP63B5,NA,5.8,CH,0,NA,NA,NA,338,2.9,NA,NA
30,oto,2019,NA,BAJO,RP63B5,NA,5.8,CH,0,NA,NA,NA,338,2.9,NA,NA
31,pri,2019,NA,BAJO,RP63B5,NA,5.8,CH,0,NA,NA,NA,338,2.9,NA,NA
33,oto,2020,NA,BAJO,RP63B5,NA,5.8,CH,0,NA,NA,NA,338,2.9,NA,NA
34,ver,2021,NA,BAJO,RP63B5,NA,5.8,CH,0,NA,NA,NA,338,2.9,NA,NA
35,oto,2021,NA,BAJO,RP63B5,NA,5.8,CH,0,NA,NA,NA,338,2.9,NA,NA
36,pri,2021,NA,BAJO,RP63B5,NA,5.8,CH,0,NA,NA,NA,338,2.9,NA,NA
21,pri,2015,NA,ALTO,LIMS1,NA,7,CH,0,NA,NA,NA,277,3.5,NA,NA
31,pri,2019,NA,ALTO,LIMS1,NA,7,CH,0,NA,NA,NA,277,3.5,NA,NA
22,ver,2015,NA,ALTO,LIMS2,NA,6.8,CH,0,NA,NA,NA,277,3.4,NA,NA
28,pri,2018,NA,ALTO,LIMS2,NA,6.8,CH,0,NA,NA,NA,277,3.4,NA,NA
34,ver,2021,NA,ALTO,LIMS2,NA,6.8,CH,0,NA,NA,NA,277,3.4,NA,NA
36,pri,2021,NA,ALTO,LIMS2,NA,6.8,CH,0,NA,NA,NA,277,3.4,NA,NA
28,pri,2018,NA,BAJO,JACK 1,NA,5,CH,0,NA,NA,NA,338,2.5,NA,NA
29,ver,2018,NA,BAJO,JACK 1,NA,5,CH,0,NA,NA,NA,338,2.5,NA,NA
20,oto,2015,NA,BAJO,JACK 2,NA,4.8,CH,0,NA,NA,NA,338,2.4,NA,NA
21,pri,2015,NA,BAJO,JACK 2,NA,4.8,CH,0,NA,NA,NA,338,2.4,NA,NA
23,oto,2016,NA,BAJO,JACK 2,NA,4.8,CH,0,NA,NA,NA,338,2.4,NA,NA
24,pri,2016,NA,BAJO,JACK 2,NA,4.8,CH,0,NA,NA,NA,338,2.4,NA,NA
26,oto,2017,NA,BAJO,JACK 2,NA,4.8,CH,0,NA,NA,NA,338,2.4,NA,NA
27,oto,2018,NA,BAJO,JACK 2,NA,4.8,CH,0,NA,NA,NA,338,2.4,NA,NA
28,pri,2018,NA,BAJO,JACK 2,NA,4.8,CH,0,NA,NA,NA,338,2.4,NA,NA
29,ver,2018,NA,BAJO,JACK 2,NA,4.8,CH,0,NA,NA,NA,338,2.4,NA,NA
31,pri,2019,NA,BAJO,JACK 2,NA,4.8,CH,0,NA,NA,NA,338,2.4,NA,NA
